Name,Code,CURRENCY,1/5/1987,1/6/1987,1/7/1987,1/8/1987,1/9/1987,1/12/1987,1/13/1987,1/14/1987,1/15/1987,1/16/1987,1/19/1987,1/20/1987,1/21/1987,1/22/1987,1/23/1987,1/26/1987,1/27/1987,1/28/1987,1/29/1987,1/30/1987,2/2/1987,2/3/1987,2/4/1987,2/5/1987,2/6/1987,2/9/1987,2/10/1987,2/11/1987,2/12/1987,2/13/1987,2/16/1987,2/17/1987,2/18/1987,2/19/1987,2/20/1987,2/23/1987,2/24/1987,2/25/1987,2/26/1987,2/27/1987,3/2/1987,3/3/1987,3/4/1987,3/5/1987,3/6/1987,3/9/1987,3/10/1987,3/11/1987,3/12/1987,3/13/1987,3/16/1987,3/17/1987,3/18/1987,3/19/1987,3/20/1987,3/23/1987,3/24/1987,3/25/1987,3/26/1987,3/27/1987,3/30/1987,3/31/1987,4/1/1987,4/2/1987,4/3/1987,4/6/1987,4/7/1987,4/8/1987,4/9/1987,4/10/1987,4/13/1987,4/14/1987,4/15/1987,4/16/1987,4/17/1987,4/20/1987,4/21/1987,4/22/1987,4/23/1987,4/24/1987,4/27/1987,4/28/1987,4/29/1987,4/30/1987,5/1/1987,5/4/1987,5/5/1987,5/6/1987,5/7/1987,5/8/1987,5/11/1987,5/12/1987,5/13/1987,5/14/1987,5/15/1987,5/18/1987,5/19/1987,5/20/1987,5/21/1987,5/22/1987,5/25/1987,5/26/1987,5/27/1987,5/28/1987,5/29/1987,6/1/1987,6/2/1987,6/3/1987,6/4/1987,6/5/1987,6/8/1987,6/9/1987,6/10/1987,6/11/1987,6/12/1987,6/15/1987,6/16/1987,6/17/1987,6/18/1987,6/19/1987,6/22/1987,6/23/1987,6/24/1987,6/25/1987,6/26/1987,6/29/1987,6/30/1987,7/1/1987,7/2/1987,7/3/1987,7/6/1987,7/7/1987,7/8/1987,7/9/1987,7/10/1987,7/13/1987,7/14/1987,7/15/1987,7/16/1987,7/17/1987,7/20/1987,7/21/1987,7/22/1987,7/23/1987,7/24/1987,7/27/1987,7/28/1987,7/29/1987,7/30/1987,7/31/1987,8/3/1987,8/4/1987,8/5/1987,8/6/1987,8/7/1987,8/10/1987,8/11/1987,8/12/1987,8/13/1987,8/14/1987,8/17/1987,8/18/1987,8/19/1987,8/20/1987,8/21/1987,8/24/1987,8/25/1987,8/26/1987,8/27/1987,8/28/1987,8/31/1987,9/1/1987,9/2/1987,9/3/1987,9/4/1987,9/7/1987,9/8/1987,9/9/1987,9/10/1987,9/11/1987,9/14/1987,9/15/1987,9/16/1987,9/17/1987,9/18/1987,9/21/1987,9/22/1987,9/23/1987,9/24/1987,9/25/1987,9/28/1987,9/29/1987,9/30/1987,10/1/1987,10/2/1987,10/5/1987,10/6/1987,10/7/1987,10/8/1987,10/9/1987,10/12/1987,10/13/1987,10/14/1987,10/15/1987,10/16/1987,10/19/1987,10/20/1987,10/21/1987,10/22/1987,10/23/1987,10/26/1987,10/27/1987,10/28/1987,10/29/1987,10/30/1987,11/2/1987,11/3/1987,11/4/1987,11/5/1987,11/6/1987,11/9/1987,11/10/1987,11/11/1987,11/12/1987,11/13/1987,11/16/1987,11/17/1987,11/18/1987,11/19/1987,11/20/1987,11/23/1987,11/24/1987,11/25/1987,11/26/1987,11/27/1987,11/30/1987,12/1/1987,12/2/1987,12/3/1987,12/4/1987,12/7/1987,12/8/1987,12/9/1987,12/10/1987,12/11/1987,12/14/1987,12/15/1987,12/16/1987,12/17/1987,12/18/1987,12/21/1987,12/22/1987,12/23/1987,12/24/1987,12/25/1987,12/28/1987,12/29/1987,12/30/1987,12/31/1987,1/1/1988,1/4/1988,1/5/1988,1/6/1988,1/7/1988,1/8/1988,1/11/1988,1/12/1988,1/13/1988,1/14/1988,1/15/1988,1/18/1988,1/19/1988,1/20/1988,1/21/1988,1/22/1988,1/25/1988,1/26/1988,1/27/1988,1/28/1988,1/29/1988,2/1/1988,2/2/1988,2/3/1988,2/4/1988,2/5/1988,2/8/1988,2/9/1988,2/10/1988,2/11/1988,2/12/1988,2/15/1988,2/16/1988,2/17/1988,2/18/1988,2/19/1988,2/22/1988,2/23/1988,2/24/1988,2/25/1988,2/26/1988,2/29/1988,3/1/1988,3/2/1988,3/3/1988,3/4/1988,3/7/1988,3/8/1988,3/9/1988,3/10/1988,3/11/1988,3/14/1988,3/15/1988,3/16/1988,3/17/1988,3/18/1988,3/21/1988,3/22/1988,3/23/1988,3/24/1988,3/25/1988,3/28/1988,3/29/1988,3/30/1988,3/31/1988,4/1/1988,4/4/1988,4/5/1988,4/6/1988,4/7/1988,4/8/1988,4/11/1988,4/12/1988,4/13/1988,4/14/1988,4/15/1988,4/18/1988,4/19/1988,4/20/1988,4/21/1988,4/22/1988,4/25/1988,4/26/1988,4/27/1988,4/28/1988,4/29/1988,5/2/1988,5/3/1988,5/4/1988,5/5/1988,5/6/1988,5/9/1988,5/10/1988,5/11/1988,5/12/1988,5/13/1988,5/16/1988,5/17/1988,5/18/1988,5/19/1988,5/20/1988,5/23/1988,5/24/1988,5/25/1988,5/26/1988,5/27/1988,5/30/1988,5/31/1988,6/1/1988,6/2/1988,6/3/1988,6/6/1988,6/7/1988,6/8/1988,6/9/1988,6/10/1988,6/13/1988,6/14/1988,6/15/1988,6/16/1988,6/17/1988,6/20/1988,6/21/1988,6/22/1988,6/23/1988,6/24/1988,6/27/1988,6/28/1988,6/29/1988,6/30/1988,7/1/1988,7/4/1988,7/5/1988,7/6/1988,7/7/1988,7/8/1988,7/11/1988,7/12/1988,7/13/1988,7/14/1988,7/15/1988,7/18/1988,7/19/1988,7/20/1988,7/21/1988,7/22/1988,7/25/1988,7/26/1988,7/27/1988,7/28/1988,7/29/1988,8/1/1988,8/2/1988,8/3/1988,8/4/1988,8/5/1988,8/8/1988,8/9/1988,8/10/1988,8/11/1988,8/12/1988,8/15/1988,8/16/1988,8/17/1988,8/18/1988,8/19/1988,8/22/1988,8/23/1988,8/24/1988,8/25/1988,8/26/1988,8/29/1988,8/30/1988,8/31/1988,9/1/1988,9/2/1988,9/5/1988,9/6/1988,9/7/1988,9/8/1988,9/9/1988,9/12/1988,9/13/1988,9/14/1988,9/15/1988,9/16/1988,9/19/1988,9/20/1988,9/21/1988,9/22/1988,9/23/1988,9/26/1988,9/27/1988,9/28/1988,9/29/1988,9/30/1988,10/3/1988,10/4/1988,10/5/1988,10/6/1988,10/7/1988,10/10/1988,10/11/1988,10/12/1988,10/13/1988,10/14/1988,10/17/1988,10/18/1988,10/19/1988,10/20/1988,10/21/1988,10/24/1988,10/25/1988,10/26/1988,10/27/1988,10/28/1988,10/31/1988,11/1/1988,11/2/1988,11/3/1988,11/4/1988,11/7/1988,11/8/1988,11/9/1988,11/10/1988,11/11/1988,11/14/1988,11/15/1988,11/16/1988,11/17/1988,11/18/1988,11/21/1988,11/22/1988,11/23/1988,11/24/1988,11/25/1988,11/28/1988,11/29/1988,11/30/1988,12/1/1988,12/2/1988,12/5/1988,12/6/1988,12/7/1988,12/8/1988,12/9/1988,12/12/1988,12/13/1988,12/14/1988,12/15/1988,12/16/1988,12/19/1988,12/20/1988,12/21/1988,12/22/1988,12/23/1988,12/26/1988,12/27/1988,12/28/1988,12/29/1988,12/30/1988,1/2/1989,1/3/1989,1/4/1989,1/5/1989,1/6/1989,1/9/1989,1/10/1989,1/11/1989,1/12/1989,1/13/1989,1/16/1989,1/17/1989,1/18/1989,1/19/1989,1/20/1989,1/23/1989,1/24/1989,1/25/1989,1/26/1989,1/27/1989,1/30/1989,1/31/1989,2/1/1989,2/2/1989,2/3/1989,2/6/1989,2/7/1989,2/8/1989,2/9/1989,2/10/1989,2/13/1989,2/14/1989,2/15/1989,2/16/1989,2/17/1989,2/20/1989,2/21/1989,2/22/1989,2/23/1989,2/24/1989,2/27/1989,2/28/1989,3/1/1989,3/2/1989,3/3/1989,3/6/1989,3/7/1989,3/8/1989,3/9/1989,3/10/1989,3/13/1989,3/14/1989,3/15/1989,3/16/1989,3/17/1989,3/20/1989,3/21/1989,3/22/1989,3/23/1989,3/24/1989,3/27/1989,3/28/1989,3/29/1989,3/30/1989,3/31/1989,4/3/1989,4/4/1989,4/5/1989,4/6/1989,4/7/1989,4/10/1989,4/11/1989,4/12/1989,4/13/1989,4/14/1989,4/17/1989,4/18/1989,4/19/1989,4/20/1989,4/21/1989,4/24/1989,4/25/1989,4/26/1989,4/27/1989,4/28/1989,5/1/1989,5/2/1989,5/3/1989,5/4/1989,5/5/1989,5/8/1989,5/9/1989,5/10/1989,5/11/1989,5/12/1989,5/15/1989,5/16/1989,5/17/1989,5/18/1989,5/19/1989,5/22/1989,5/23/1989,5/24/1989,5/25/1989,5/26/1989,5/29/1989,5/30/1989,5/31/1989,6/1/1989,6/2/1989,6/5/1989,6/6/1989,6/7/1989,6/8/1989,6/9/1989,6/12/1989,6/13/1989,6/14/1989,6/15/1989,6/16/1989,6/19/1989,6/20/1989,6/21/1989,6/22/1989,6/23/1989,6/26/1989,6/27/1989,6/28/1989,6/29/1989,6/30/1989,7/3/1989,7/4/1989,7/5/1989,7/6/1989,7/7/1989,7/10/1989,7/11/1989,7/12/1989,7/13/1989,7/14/1989,7/17/1989,7/18/1989,7/19/1989,7/20/1989,7/21/1989,7/24/1989,7/25/1989,7/26/1989,7/27/1989,7/28/1989,7/31/1989,8/1/1989,8/2/1989,8/3/1989,8/4/1989,8/7/1989,8/8/1989,8/9/1989,8/10/1989,8/11/1989,8/14/1989,8/15/1989,8/16/1989,8/17/1989,8/18/1989,8/21/1989,8/22/1989,8/23/1989,8/24/1989,8/25/1989,8/28/1989,8/29/1989,8/30/1989,8/31/1989,9/1/1989,9/4/1989,9/5/1989,9/6/1989,9/7/1989,9/8/1989,9/11/1989,9/12/1989,9/13/1989,9/14/1989,9/15/1989,9/18/1989,9/19/1989,9/20/1989,9/21/1989,9/22/1989,9/25/1989,9/26/1989,9/27/1989,9/28/1989,9/29/1989,10/2/1989,10/3/1989,10/4/1989,10/5/1989,10/6/1989,10/9/1989,10/10/1989,10/11/1989,10/12/1989,10/13/1989,10/16/1989,10/17/1989,10/18/1989,10/19/1989,10/20/1989,10/23/1989,10/24/1989,10/25/1989,10/26/1989,10/27/1989,10/30/1989,10/31/1989,11/1/1989,11/2/1989,11/3/1989,11/6/1989,11/7/1989,11/8/1989,11/9/1989,11/10/1989,11/13/1989,11/14/1989,11/15/1989,11/16/1989,11/17/1989,11/20/1989,11/21/1989,11/22/1989,11/23/1989,11/24/1989,11/27/1989,11/28/1989,11/29/1989,11/30/1989,12/1/1989,12/4/1989,12/5/1989,12/6/1989,12/7/1989,12/8/1989,12/11/1989,12/12/1989,12/13/1989,12/14/1989,12/15/1989,12/18/1989,12/19/1989,12/20/1989,12/21/1989,12/22/1989,12/25/1989,12/26/1989,12/27/1989,12/28/1989,12/29/1989,1/1/1990,1/2/1990,1/3/1990,1/4/1990,1/5/1990,1/8/1990,1/9/1990,1/10/1990,1/11/1990,1/12/1990,1/15/1990,1/16/1990,1/17/1990,1/18/1990,1/19/1990,1/22/1990,1/23/1990,1/24/1990,1/25/1990,1/26/1990,1/29/1990,1/30/1990,1/31/1990,2/1/1990,2/2/1990,2/5/1990,2/6/1990,2/7/1990,2/8/1990,2/9/1990,2/12/1990,2/13/1990,2/14/1990,2/15/1990,2/16/1990,2/19/1990,2/20/1990,2/21/1990,2/22/1990,2/23/1990,2/26/1990,2/27/1990,2/28/1990,3/1/1990,3/2/1990,3/5/1990,3/6/1990,3/7/1990,3/8/1990,3/9/1990,3/12/1990,3/13/1990,3/14/1990,3/15/1990,3/16/1990,3/19/1990,3/20/1990,3/21/1990,3/22/1990,3/23/1990,3/26/1990,3/27/1990,3/28/1990,3/29/1990,3/30/1990,4/2/1990,4/3/1990,4/4/1990,4/5/1990,4/6/1990,4/9/1990,4/10/1990,4/11/1990,4/12/1990,4/13/1990,4/16/1990,4/17/1990,4/18/1990,4/19/1990,4/20/1990,4/23/1990,4/24/1990,4/25/1990,4/26/1990,4/27/1990,4/30/1990,5/1/1990,5/2/1990,5/3/1990,5/4/1990,5/7/1990,5/8/1990,5/9/1990,5/10/1990,5/11/1990,5/14/1990,5/15/1990,5/16/1990,5/17/1990,5/18/1990,5/21/1990,5/22/1990,5/23/1990,5/24/1990,5/25/1990,5/28/1990,5/29/1990,5/30/1990,5/31/1990,6/1/1990,6/4/1990,6/5/1990,6/6/1990,6/7/1990,6/8/1990,6/11/1990,6/12/1990,6/13/1990,6/14/1990,6/15/1990,6/18/1990,6/19/1990,6/20/1990,6/21/1990,6/22/1990,6/25/1990,6/26/1990,6/27/1990,6/28/1990,6/29/1990,7/2/1990,7/3/1990,7/4/1990,7/5/1990,7/6/1990,7/9/1990,7/10/1990,7/11/1990,7/12/1990,7/13/1990,7/16/1990,7/17/1990,7/18/1990,7/19/1990,7/20/1990,7/23/1990,7/24/1990,7/25/1990,7/26/1990,7/27/1990,7/30/1990,7/31/1990,8/1/1990,8/2/1990,8/3/1990,8/6/1990,8/7/1990,8/8/1990,8/9/1990,8/10/1990,8/13/1990,8/14/1990,8/15/1990,8/16/1990,8/17/1990,8/20/1990,8/21/1990,8/22/1990,8/23/1990,8/24/1990,8/27/1990,8/28/1990,8/29/1990,8/30/1990,8/31/1990,9/3/1990,9/4/1990,9/5/1990,9/6/1990,9/7/1990,9/10/1990,9/11/1990,9/12/1990,9/13/1990,9/14/1990,9/17/1990,9/18/1990,9/19/1990,9/20/1990,9/21/1990,9/24/1990,9/25/1990,9/26/1990,9/27/1990,9/28/1990,10/1/1990,10/2/1990,10/3/1990,10/4/1990,10/5/1990,10/8/1990,10/9/1990,10/10/1990,10/11/1990,10/12/1990,10/15/1990,10/16/1990,10/17/1990,10/18/1990,10/19/1990,10/22/1990,10/23/1990,10/24/1990,10/25/1990,10/26/1990,10/29/1990,10/30/1990,10/31/1990,11/1/1990,11/2/1990,11/5/1990,11/6/1990,11/7/1990,11/8/1990,11/9/1990,11/12/1990,11/13/1990,11/14/1990,11/15/1990,11/16/1990,11/19/1990,11/20/1990,11/21/1990,11/22/1990,11/23/1990,11/26/1990,11/27/1990,11/28/1990,11/29/1990,11/30/1990,12/3/1990
#ERROR,,,"$$ER: E100,INVALID CODE OR EXPRESSION ENTERED",,,,,,,,,,,,,,,,,,,,,,,,,,,,,,,,,,,,,,,,,,,,,,,,,,,,,,,,,,,,,,,,,,,,,,,,,,,,,,,,,,,,,,,,,,,,,,,,,,,,,,,,,,,,,,,,,,,,,,,,,,,,,,,,,,,,,,,,,,,,,,,,,,,,,,,,,,,,,,,,,,,,,,,,,,,,,,,,,,,,,,,,,,,,,,,,,,,,,,,,,,,,,,,,,,,,,,,,,,,,,,,,,,,,,,,,,,,,,,,,,,,,,,,,,,,,,,,,,,,,,,,,,,,,,,,,,,,,,,,,,,,,,,,,,,,,,,,,,,,,,,,,,,,,,,,,,,,,,,,,,,,,,,,,,,,,,,,,,,,,,,,,,,,,,,,,,,,,,,,,,,,,,,,,,,,,,,,,,,,,,,,,,,,,,,,,,,,,,,,,,,,,,,,,,,,,,,,,,,,,,,,,,,,,,,,,,,,,,,,,,,,,,,,,,,,,,,,,,,,,,,,,,,,,,,,,,,,,,,,,,,,,,,,,,,,,,,,,,,,,,,,,,,,,,,,,,,,,,,,,,,,,,,,,,,,,,,,,,,,,,,,,,,,,,,,,,,,,,,,,,,,,,,,,,,,,,,,,,,,,,,,,,,,,,,,,,,,,,,,,,,,,,,,,,,,,,,,,,,,,,,,,,,,,,,,,,,,,,,,,,,,,,,,,,,,,,,,,,,,,,,,,,,,,,,,,,,,,,,,,,,,,,,,,,,,,,,,,,,,,,,,,,,,,,,,,,,,,,,,,,,,,,,,,,,,,,,,,,,,,,,,,,,,,,,,,,,,,,,,,,,,,,,,,,,,,,,,,,,,,,,,,,,,,,,,,,,,,,,,,,,,,,,,,,,,,,,,,,,,,,,,,,,,,,,,,,,,,,,,,,,,,,,,,,,,,,,,,,,,,,,,,,,,,,,,,,,,,,,,,,,,,,,,,,,,,,,,,,,,,,,,,,,,,,,,,,,,,,,,,,,,,,,,,,,,,,,,,,,,,,,,,,,,,,,,,,,,,,,,,,,,,,,,,,,,,,,,,,,,,,,,,,,,,,,,,,,,,,,,,,,,,,,,,,,,,,,,,,,,,
#ERROR,,,"$$ER: E100,INVALID CODE OR EXPRESSION ENTERED",,,,,,,,,,,,,,,,,,,,,,,,,,,,,,,,,,,,,,,,,,,,,,,,,,,,,,,,,,,,,,,,,,,,,,,,,,,,,,,,,,,,,,,,,,,,,,,,,,,,,,,,,,,,,,,,,,,,,,,,,,,,,,,,,,,,,,,,,,,,,,,,,,,,,,,,,,,,,,,,,,,,,,,,,,,,,,,,,,,,,,,,,,,,,,,,,,,,,,,,,,,,,,,,,,,,,,,,,,,,,,,,,,,,,,,,,,,,,,,,,,,,,,,,,,,,,,,,,,,,,,,,,,,,,,,,,,,,,,,,,,,,,,,,,,,,,,,,,,,,,,,,,,,,,,,,,,,,,,,,,,,,,,,,,,,,,,,,,,,,,,,,,,,,,,,,,,,,,,,,,,,,,,,,,,,,,,,,,,,,,,,,,,,,,,,,,,,,,,,,,,,,,,,,,,,,,,,,,,,,,,,,,,,,,,,,,,,,,,,,,,,,,,,,,,,,,,,,,,,,,,,,,,,,,,,,,,,,,,,,,,,,,,,,,,,,,,,,,,,,,,,,,,,,,,,,,,,,,,,,,,,,,,,,,,,,,,,,,,,,,,,,,,,,,,,,,,,,,,,,,,,,,,,,,,,,,,,,,,,,,,,,,,,,,,,,,,,,,,,,,,,,,,,,,,,,,,,,,,,,,,,,,,,,,,,,,,,,,,,,,,,,,,,,,,,,,,,,,,,,,,,,,,,,,,,,,,,,,,,,,,,,,,,,,,,,,,,,,,,,,,,,,,,,,,,,,,,,,,,,,,,,,,,,,,,,,,,,,,,,,,,,,,,,,,,,,,,,,,,,,,,,,,,,,,,,,,,,,,,,,,,,,,,,,,,,,,,,,,,,,,,,,,,,,,,,,,,,,,,,,,,,,,,,,,,,,,,,,,,,,,,,,,,,,,,,,,,,,,,,,,,,,,,,,,,,,,,,,,,,,,,,,,,,,,,,,,,,,,,,,,,,,,,,,,,,,,,,,,,,,,,,,,,,,,,,,,,,,,,,,,,,,,,,,,,,,,,,,,,,,,,,,,,,,,,,,,,,,,,,,,,,,,,,,,,,,,,,,,,,,,,,,,,,,,,,,,,,,,,,
DAX 30 PERFORMANCE - TURNOVER BY VOLUME,DAXINDX(VO),E,NA,NA,NA,NA,NA,NA,NA,NA,NA,NA,NA,NA,NA,NA,NA,NA,NA,NA,NA,NA,NA,NA,NA,NA,NA,NA,NA,NA,NA,NA,NA,NA,NA,NA,NA,NA,NA,NA,NA,NA,NA,NA,NA,NA,NA,NA,NA,NA,NA,NA,NA,NA,NA,NA,NA,NA,NA,NA,NA,NA,NA,NA,NA,NA,NA,NA,NA,NA,NA,NA,NA,NA,NA,NA,NA,NA,NA,NA,NA,NA,NA,NA,NA,NA,NA,NA,NA,NA,NA,NA,NA,NA,NA,NA,NA,NA,NA,NA,NA,NA,NA,NA,NA,NA,NA,NA,NA,NA,NA,NA,NA,NA,NA,NA,NA,NA,NA,NA,NA,NA,NA,NA,NA,NA,NA,NA,NA,NA,NA,NA,NA,NA,NA,NA,NA,NA,NA,NA,NA,NA,NA,NA,NA,NA,NA,NA,NA,NA,NA,NA,NA,NA,NA,NA,NA,NA,NA,NA,NA,NA,NA,NA,NA,NA,NA,NA,NA,NA,NA,NA,NA,NA,NA,NA,NA,NA,NA,NA,NA,NA,NA,NA,NA,NA,NA,NA,NA,NA,NA,NA,NA,NA,NA,NA,NA,NA,NA,NA,NA,NA,NA,NA,NA,NA,NA,NA,NA,NA,NA,NA,NA,NA,NA,NA,NA,NA,NA,NA,NA,NA,NA,NA,NA,NA,NA,NA,NA,NA,NA,NA,NA,NA,NA,NA,NA,NA,NA,NA,NA,NA,NA,NA,NA,NA,NA,NA,NA,NA,NA,NA,NA,NA,NA,NA,NA,NA,NA,NA,NA,NA,NA,NA,NA,NA,NA,NA,NA,NA,NA,NA,NA,NA,NA,NA,NA,NA,NA,NA,NA,NA,NA,NA,NA,NA,NA,NA,NA,NA,NA,NA,NA,NA,NA,NA,NA,NA,NA,NA,NA,NA,NA,NA,NA,NA,NA,NA,NA,NA,NA,NA,NA,NA,NA,NA,NA,NA,NA,NA,NA,NA,NA,NA,NA,NA,NA,NA,NA,NA,NA,NA,NA,NA,NA,NA,NA,NA,NA,NA,NA,NA,NA,NA,NA,NA,NA,NA,NA,NA,NA,NA,NA,NA,NA,NA,NA,NA,NA,NA,NA,NA,NA,NA,NA,NA,NA,NA,NA,NA,NA,NA,NA,NA,NA,NA,NA,NA,NA,NA,NA,NA,NA,NA,NA,NA,NA,NA,NA,NA,NA,NA,NA,NA,NA,NA,NA,NA,NA,NA,NA,NA,NA,NA,NA,NA,NA,NA,NA,NA,NA,NA,NA,NA,NA,NA,NA,NA,NA,NA,NA,NA,NA,NA,NA,NA,NA,NA,NA,NA,NA,NA,NA,NA,NA,NA,NA,NA,NA,NA,NA,NA,NA,NA,NA,NA,NA,NA,NA,NA,NA,NA,NA,NA,NA,NA,NA,NA,NA,NA,NA,NA,NA,NA,NA,NA,NA,NA,NA,NA,NA,NA,NA,NA,NA,NA,NA,NA,NA,NA,NA,NA,NA,NA,NA,NA,NA,NA,NA,NA,NA,NA,NA,NA,NA,NA,NA,NA,NA,NA,NA,NA,NA,NA,NA,NA,NA,NA,NA,NA,NA,NA,NA,NA,NA,NA,NA,NA,NA,NA,NA,NA,NA,NA,NA,NA,NA,NA,NA,NA,NA,NA,NA,NA,NA,NA,NA,NA,NA,NA,NA,NA,NA,NA,NA,NA,NA,NA,NA,NA,NA,NA,NA,NA,NA,NA,NA,NA,NA,NA,NA,NA,NA,NA,NA,NA,NA,NA,NA,NA,NA,NA,NA,NA,NA,NA,NA,NA,NA,NA,NA,NA,NA,NA,NA,NA,NA,NA,NA,NA,NA,NA,NA,NA,NA,NA,NA,NA,NA,NA,NA,NA,NA,NA,NA,NA,NA,NA,NA,NA,NA,NA,NA,NA,NA,NA,NA,NA,NA,NA,NA,NA,NA,NA,NA,NA,NA,NA,NA,NA,NA,NA,NA,NA,NA,NA,NA,NA,NA,NA,NA,NA,NA,NA,NA,NA,NA,NA,NA,NA,NA,NA,NA,NA,NA,NA,NA,NA,NA,NA,NA,NA,NA,NA,NA,NA,NA,NA,NA,NA,NA,NA,NA,NA,NA,NA,NA,NA,NA,NA,NA,NA,NA,NA,NA,NA,NA,NA,NA,NA,NA,NA,NA,NA,NA,NA,NA,NA,NA,NA,NA,NA,NA,NA,NA,NA,NA,NA,NA,NA,NA,NA,NA,NA,NA,NA,NA,NA,NA,NA,NA,NA,NA,NA,NA,NA,NA,NA,NA,NA,NA,NA,NA,NA,NA,NA,NA,NA,NA,NA,NA,NA,NA,NA,NA,NA,NA,NA,NA,NA,NA,NA,NA,NA,NA,NA,NA,NA,NA,NA,NA,NA,NA,NA,NA,NA,NA,NA,NA,NA,NA,NA,NA,NA,NA,NA,NA,NA,NA,NA,NA,NA,NA,NA,NA,NA,NA,NA,NA,NA,NA,NA,NA,NA,NA,NA,NA,NA,NA,NA,NA,NA,NA,NA,NA,NA,NA,NA,NA,NA,NA,NA,NA,NA,NA,NA,NA,NA,NA,NA,NA,NA,NA,NA,NA,NA,NA,NA,NA,NA,NA,NA,NA,NA,NA,NA,NA,NA,NA,NA,NA,NA,NA,NA,NA,NA,NA,NA,NA,NA,NA,NA,NA,NA,NA,NA,NA,NA,NA,NA,NA,NA,NA,NA,NA,NA,NA,NA,NA,NA,NA,NA,NA,NA,NA,NA,NA,NA,NA,NA,NA,NA,NA,NA,NA,NA,NA,NA,NA,NA,NA,NA,NA,NA,NA,NA,NA,NA,NA,NA,NA,NA,NA,NA,NA,NA,NA,NA,NA,NA,NA,NA,NA,NA,NA,NA,NA,NA,NA,NA,NA,NA,NA,NA,NA,NA,NA,NA,NA,NA,NA,NA,NA,NA,NA,NA,NA,NA,NA,NA,NA,NA,NA,NA,NA,NA,NA,NA,NA,NA,NA,NA,NA,NA,NA,NA,NA,NA,NA,NA,NA,NA,NA,NA,NA,NA,NA,NA,NA,NA,NA,NA,NA,NA,NA,NA,NA,NA,NA,NA,NA,NA,NA,NA,NA,NA,NA,NA,NA,NA,NA,NA,NA,NA,NA,NA,NA,NA,NA,NA,NA,NA,NA,NA,NA,NA,NA,NA,NA,NA,NA,NA,NA,NA,NA,NA,NA,NA,NA,NA,NA,NA,NA
OMX HELSINKI (OMXH) - TURNOVER BY VOLUME,HEXINDX(VO),E,NA,NA,NA,NA,NA,NA,NA,NA,NA,NA,NA,NA,NA,NA,NA,NA,NA,NA,NA,NA,NA,NA,NA,NA,NA,NA,NA,NA,NA,NA,NA,NA,NA,NA,NA,NA,NA,NA,NA,NA,NA,NA,NA,NA,NA,NA,NA,NA,NA,NA,NA,NA,NA,NA,NA,NA,NA,NA,NA,NA,NA,NA,NA,NA,NA,NA,NA,NA,NA,NA,NA,NA,NA,NA,NA,NA,NA,NA,NA,NA,NA,NA,NA,NA,NA,NA,NA,NA,NA,NA,NA,NA,NA,NA,NA,NA,NA,NA,NA,NA,NA,NA,NA,NA,NA,NA,NA,NA,NA,NA,NA,NA,NA,NA,NA,NA,NA,NA,NA,NA,NA,NA,NA,NA,NA,NA,NA,NA,NA,NA,NA,NA,NA,NA,NA,NA,NA,NA,NA,NA,NA,NA,NA,NA,NA,NA,NA,NA,NA,NA,NA,NA,NA,NA,NA,NA,NA,NA,NA,NA,NA,NA,NA,NA,NA,NA,NA,NA,NA,NA,NA,NA,NA,NA,NA,NA,NA,NA,NA,NA,NA,NA,NA,NA,NA,NA,NA,NA,NA,NA,NA,NA,NA,NA,NA,NA,NA,NA,NA,NA,NA,NA,NA,NA,NA,NA,NA,NA,NA,NA,NA,NA,NA,NA,NA,NA,NA,NA,NA,NA,NA,NA,NA,NA,NA,NA,NA,NA,NA,NA,NA,NA,NA,NA,NA,NA,NA,NA,NA,NA,NA,NA,NA,NA,NA,NA,NA,NA,NA,NA,NA,NA,NA,NA,NA,NA,NA,NA,NA,NA,NA,NA,NA,NA,NA,NA,NA,NA,NA,NA,NA,NA,NA,NA,NA,NA,NA,NA,NA,NA,NA,NA,NA,NA,NA,NA,NA,NA,NA,NA,NA,NA,NA,NA,NA,NA,NA,NA,NA,NA,NA,NA,NA,NA,NA,NA,NA,NA,NA,NA,NA,NA,NA,NA,NA,NA,NA,NA,NA,NA,NA,NA,NA,NA,NA,NA,NA,NA,NA,NA,NA,NA,NA,NA,NA,NA,NA,NA,NA,NA,NA,NA,NA,NA,NA,NA,NA,NA,NA,NA,NA,NA,NA,NA,NA,NA,NA,NA,NA,NA,NA,NA,NA,NA,NA,NA,NA,NA,NA,NA,NA,NA,NA,NA,NA,NA,NA,NA,NA,NA,NA,NA,NA,NA,NA,NA,NA,NA,NA,NA,NA,NA,NA,NA,NA,NA,NA,NA,NA,NA,NA,NA,NA,NA,NA,NA,NA,NA,NA,NA,NA,NA,NA,NA,NA,NA,NA,NA,NA,NA,NA,NA,NA,NA,NA,NA,NA,NA,NA,NA,NA,NA,NA,NA,NA,NA,NA,NA,NA,NA,NA,NA,NA,NA,NA,NA,NA,NA,NA,NA,NA,NA,NA,NA,NA,NA,NA,NA,NA,NA,NA,NA,NA,NA,NA,NA,NA,NA,NA,NA,NA,NA,NA,NA,NA,NA,NA,NA,NA,NA,NA,NA,NA,NA,NA,NA,NA,NA,NA,NA,NA,NA,NA,NA,NA,NA,NA,NA,NA,NA,NA,NA,NA,NA,NA,NA,NA,NA,NA,NA,NA,NA,NA,NA,NA,NA,NA,NA,NA,NA,NA,NA,NA,NA,NA,NA,NA,NA,NA,NA,NA,NA,NA,NA,NA,NA,NA,NA,NA,NA,NA,NA,NA,NA,NA,NA,NA,NA,NA,NA,NA,NA,NA,NA,NA,NA,NA,NA,NA,NA,NA,NA,NA,NA,NA,NA,NA,NA,NA,NA,NA,NA,NA,NA,NA,NA,NA,NA,NA,NA,NA,NA,NA,NA,NA,NA,NA,NA,NA,NA,NA,NA,NA,NA,NA,NA,NA,NA,NA,NA,NA,NA,NA,NA,NA,NA,NA,NA,NA,NA,NA,NA,NA,NA,NA,NA,NA,NA,NA,NA,NA,NA,NA,NA,NA,NA,NA,NA,NA,NA,NA,NA,NA,NA,NA,NA,NA,NA,NA,NA,NA,NA,NA,NA,NA,NA,NA,NA,NA,NA,NA,NA,NA,NA,NA,NA,NA,NA,NA,NA,NA,NA,NA,NA,NA,NA,NA,NA,NA,NA,NA,NA,NA,NA,NA,NA,NA,NA,NA,NA,NA,NA,NA,NA,NA,NA,NA,NA,NA,NA,NA,NA,NA,NA,NA,NA,NA,NA,NA,NA,NA,NA,NA,NA,NA,NA,NA,NA,NA,NA,NA,NA,NA,NA,NA,NA,NA,NA,NA,NA,NA,NA,NA,NA,NA,NA,NA,NA,NA,NA,NA,NA,NA,NA,NA,NA,NA,NA,NA,NA,NA,NA,NA,NA,NA,NA,NA,NA,NA,NA,NA,NA,NA,NA,NA,NA,NA,NA,NA,NA,NA,NA,NA,NA,NA,NA,NA,NA,NA,NA,NA,NA,NA,NA,NA,NA,NA,NA,NA,NA,NA,NA,NA,NA,NA,NA,NA,NA,NA,NA,NA,NA,NA,NA,NA,NA,NA,NA,NA,NA,NA,NA,NA,NA,NA,NA,NA,NA,NA,NA,NA,NA,NA,NA,NA,NA,NA,NA,NA,NA,NA,NA,NA,NA,NA,NA,NA,NA,NA,NA,NA,NA,NA,NA,NA,NA,NA,NA,NA,NA,NA,NA,NA,NA,NA,NA,NA,NA,NA,NA,NA,NA,NA,NA,NA,NA,NA,NA,NA,NA,NA,NA,NA,NA,NA,NA,NA,NA,NA,NA,NA,NA,NA,NA,NA,NA,NA,NA,NA,NA,NA,NA,NA,NA,NA,NA,NA,NA,NA,NA,NA,NA,NA,NA,NA,NA,NA,NA,NA,NA,NA,NA,NA,NA,NA,NA,NA,NA,NA,NA,NA,NA,NA,NA,NA,NA,NA,NA,NA,NA,NA,NA,NA,NA,NA,NA,NA,NA,NA,NA,NA,NA,NA,NA,NA,NA,NA,NA,NA,NA,NA,NA,NA,NA,NA,NA,NA,NA,NA,NA,NA,NA,NA,NA,NA,NA,NA,NA,NA,NA,NA,NA,NA,NA,NA,NA,NA,NA,NA,NA,NA,NA,NA,NA,NA,NA,NA,NA,NA,NA,NA,NA,NA,NA,NA,NA,NA,NA,NA,NA,NA,NA,NA,NA,NA,NA,NA,NA,NA,NA,NA,NA,NA,NA,NA,NA,NA,NA,NA,NA,NA,NA,NA,NA,NA,NA,NA,NA,NA,NA,NA
#ERROR,,,"$$ER: E100,INVALID CODE OR EXPRESSION ENTERED",,,,,,,,,,,,,,,,,,,,,,,,,,,,,,,,,,,,,,,,,,,,,,,,,,,,,,,,,,,,,,,,,,,,,,,,,,,,,,,,,,,,,,,,,,,,,,,,,,,,,,,,,,,,,,,,,,,,,,,,,,,,,,,,,,,,,,,,,,,,,,,,,,,,,,,,,,,,,,,,,,,,,,,,,,,,,,,,,,,,,,,,,,,,,,,,,,,,,,,,,,,,,,,,,,,,,,,,,,,,,,,,,,,,,,,,,,,,,,,,,,,,,,,,,,,,,,,,,,,,,,,,,,,,,,,,,,,,,,,,,,,,,,,,,,,,,,,,,,,,,,,,,,,,,,,,,,,,,,,,,,,,,,,,,,,,,,,,,,,,,,,,,,,,,,,,,,,,,,,,,,,,,,,,,,,,,,,,,,,,,,,,,,,,,,,,,,,,,,,,,,,,,,,,,,,,,,,,,,,,,,,,,,,,,,,,,,,,,,,,,,,,,,,,,,,,,,,,,,,,,,,,,,,,,,,,,,,,,,,,,,,,,,,,,,,,,,,,,,,,,,,,,,,,,,,,,,,,,,,,,,,,,,,,,,,,,,,,,,,,,,,,,,,,,,,,,,,,,,,,,,,,,,,,,,,,,,,,,,,,,,,,,,,,,,,,,,,,,,,,,,,,,,,,,,,,,,,,,,,,,,,,,,,,,,,,,,,,,,,,,,,,,,,,,,,,,,,,,,,,,,,,,,,,,,,,,,,,,,,,,,,,,,,,,,,,,,,,,,,,,,,,,,,,,,,,,,,,,,,,,,,,,,,,,,,,,,,,,,,,,,,,,,,,,,,,,,,,,,,,,,,,,,,,,,,,,,,,,,,,,,,,,,,,,,,,,,,,,,,,,,,,,,,,,,,,,,,,,,,,,,,,,,,,,,,,,,,,,,,,,,,,,,,,,,,,,,,,,,,,,,,,,,,,,,,,,,,,,,,,,,,,,,,,,,,,,,,,,,,,,,,,,,,,,,,,,,,,,,,,,,,,,,,,,,,,,,,,,,,,,,,,,,,,,,,,,,,,,,,,,,,,,,,,,,,,,,,,,,,,,,,,,,,,,,,,,,,,,,,,,,,,,,,,,,,,,,,,,,,,
S&P 500 COMPOSITE - TURNOVER BY VOLUME,S&PCOMP(VO),U$,NA,NA,NA,NA,NA,NA,NA,NA,NA,NA,NA,NA,NA,NA,NA,NA,NA,NA,NA,NA,NA,NA,NA,NA,NA,NA,NA,NA,NA,NA,NA,NA,NA,NA,NA,NA,NA,NA,NA,NA,NA,NA,NA,NA,NA,NA,NA,NA,NA,NA,NA,NA,NA,NA,NA,NA,NA,NA,NA,NA,NA,NA,NA,NA,NA,NA,NA,NA,NA,NA,NA,NA,NA,NA,NA,NA,NA,NA,NA,NA,NA,NA,NA,NA,NA,NA,NA,NA,NA,NA,NA,NA,NA,NA,NA,NA,NA,NA,NA,NA,NA,NA,NA,NA,NA,NA,NA,NA,NA,NA,NA,NA,NA,NA,NA,NA,NA,NA,NA,NA,NA,NA,NA,NA,NA,NA,NA,NA,NA,NA,NA,NA,NA,NA,NA,NA,NA,NA,NA,NA,NA,NA,NA,NA,NA,NA,NA,NA,NA,NA,NA,NA,NA,NA,NA,NA,NA,NA,NA,NA,NA,NA,NA,NA,NA,NA,NA,NA,NA,NA,NA,NA,NA,NA,NA,NA,NA,NA,NA,NA,NA,NA,NA,NA,NA,NA,NA,NA,NA,NA,NA,NA,NA,NA,NA,NA,NA,NA,NA,NA,NA,NA,NA,NA,NA,NA,NA,NA,NA,NA,NA,NA,NA,NA,NA,NA,NA,NA,NA,NA,NA,NA,NA,NA,NA,NA,NA,NA,NA,NA,NA,NA,NA,NA,NA,NA,NA,NA,NA,NA,NA,NA,NA,NA,NA,NA,NA,NA,NA,NA,NA,NA,NA,NA,NA,NA,NA,NA,NA,NA,NA,NA,NA,NA,NA,NA,NA,NA,NA,NA,NA,NA,NA,NA,NA,NA,NA,NA,NA,NA,NA,NA,NA,NA,NA,NA,NA,NA,NA,NA,NA,NA,NA,NA,NA,NA,NA,NA,NA,NA,NA,NA,NA,NA,NA,NA,NA,NA,NA,NA,NA,NA,NA,NA,NA,NA,NA,NA,NA,NA,NA,NA,NA,NA,NA,NA,NA,NA,NA,NA,NA,NA,NA,NA,NA,NA,NA,NA,NA,NA,NA,NA,NA,NA,NA,NA,NA,NA,NA,NA,NA,NA,NA,NA,NA,NA,NA,NA,NA,NA,NA,NA,NA,NA,NA,NA,NA,NA,NA,NA,NA,NA,NA,NA,NA,NA,NA,NA,NA,NA,NA,NA,NA,NA,NA,NA,NA,NA,NA,NA,NA,NA,NA,NA,NA,NA,NA,NA,NA,NA,NA,NA,NA,NA,NA,NA,NA,NA,NA,NA,NA,NA,NA,NA,NA,NA,NA,NA,NA,NA,NA,NA,NA,NA,NA,NA,NA,NA,NA,NA,NA,NA,NA,NA,NA,NA,NA,NA,NA,NA,NA,NA,NA,NA,NA,NA,NA,NA,NA,NA,NA,NA,NA,NA,NA,NA,NA,NA,NA,NA,NA,NA,NA,NA,NA,NA,NA,NA,NA,NA,NA,NA,NA,NA,NA,NA,NA,NA,NA,NA,NA,NA,NA,NA,NA,NA,NA,NA,NA,NA,NA,NA,NA,NA,NA,NA,NA,NA,NA,NA,NA,NA,NA,NA,NA,NA,NA,NA,NA,NA,NA,NA,NA,NA,NA,NA,NA,NA,NA,NA,NA,NA,NA,NA,NA,NA,NA,NA,NA,NA,NA,NA,NA,NA,NA,NA,NA,NA,NA,NA,NA,NA,NA,NA,NA,NA,NA,NA,NA,NA,NA,NA,NA,NA,NA,NA,NA,NA,NA,NA,NA,NA,NA,NA,NA,NA,NA,NA,NA,NA,NA,NA,NA,NA,NA,NA,NA,NA,NA,NA,NA,NA,NA,NA,NA,NA,NA,NA,NA,NA,NA,NA,NA,NA,NA,NA,NA,NA,NA,NA,NA,NA,NA,NA,NA,NA,NA,NA,NA,NA,NA,NA,NA,NA,NA,NA,NA,NA,NA,NA,NA,NA,NA,NA,NA,NA,NA,NA,NA,NA,NA,NA,NA,NA,NA,NA,NA,NA,NA,NA,NA,NA,NA,NA,NA,NA,NA,NA,NA,NA,NA,NA,NA,NA,NA,NA,NA,NA,NA,NA,NA,NA,NA,NA,NA,NA,NA,NA,NA,NA,NA,NA,NA,NA,NA,NA,NA,NA,NA,NA,NA,NA,NA,NA,NA,NA,NA,NA,NA,NA,NA,NA,NA,NA,NA,NA,NA,NA,NA,NA,NA,NA,NA,NA,NA,NA,NA,NA,NA,NA,NA,NA,NA,NA,NA,NA,NA,NA,NA,NA,NA,NA,NA,NA,NA,NA,NA,NA,NA,NA,NA,NA,NA,NA,NA,NA,NA,NA,NA,NA,NA,NA,NA,NA,NA,NA,NA,NA,NA,NA,NA,NA,NA,NA,NA,NA,NA,NA,NA,NA,NA,NA,NA,NA,NA,NA,NA,NA,NA,NA,NA,NA,NA,NA,NA,NA,NA,NA,NA,NA,NA,NA,NA,NA,NA,NA,NA,NA,NA,NA,NA,NA,NA,NA,NA,NA,NA,NA,NA,NA,NA,NA,NA,NA,NA,NA,NA,NA,NA,NA,NA,NA,NA,NA,NA,NA,NA,NA,NA,NA,NA,NA,NA,NA,NA,NA,NA,NA,NA,NA,NA,NA,NA,NA,NA,NA,NA,NA,NA,NA,NA,NA,NA,NA,NA,NA,NA,NA,NA,NA,NA,NA,NA,NA,NA,NA,NA,NA,NA,NA,NA,NA,NA,NA,NA,NA,NA,NA,NA,NA,NA,NA,NA,NA,NA,NA,NA,NA,NA,NA,NA,NA,NA,NA,NA,NA,NA,NA,NA,NA,NA,NA,NA,NA,NA,NA,NA,NA,NA,NA,NA,NA,NA,NA,NA,NA,NA,NA,NA,NA,NA,NA,NA,NA,NA,NA,NA,NA,NA,NA,NA,NA,NA,NA,NA,NA,NA,NA,NA,NA,NA,NA,NA,NA,NA,NA,NA,NA,NA,NA,NA,NA,NA,NA,NA,NA,NA,NA,NA,NA,NA,NA,NA,NA,NA,NA,NA,NA,NA,NA,NA,NA,NA,NA,NA,NA,NA,NA,NA,NA,NA,NA,NA,NA,NA,NA,NA,NA,NA,NA,NA,NA,NA,NA,NA,NA,NA,NA,NA,NA,NA,NA,NA,NA,NA,NA,NA,NA,NA,NA,NA,NA,NA,NA,NA,NA,NA,NA,NA,NA,NA,NA,NA,NA,NA,NA,NA,NA,NA,NA,NA
SBF 120 - TURNOVER BY VOLUME,FSBF120(VO),E,NA,NA,NA,NA,NA,NA,NA,NA,NA,NA,NA,NA,NA,NA,NA,NA,NA,NA,NA,NA,NA,NA,NA,NA,NA,NA,NA,NA,NA,NA,NA,NA,NA,NA,NA,NA,NA,NA,NA,NA,NA,NA,NA,NA,NA,NA,NA,NA,NA,NA,NA,NA,NA,NA,NA,NA,NA,NA,NA,NA,NA,NA,NA,NA,NA,NA,NA,NA,NA,NA,NA,NA,NA,NA,NA,NA,NA,NA,NA,NA,NA,NA,NA,NA,NA,NA,NA,NA,NA,NA,NA,NA,NA,NA,NA,NA,NA,NA,NA,NA,NA,NA,NA,NA,NA,NA,NA,NA,NA,NA,NA,NA,NA,NA,NA,NA,NA,NA,NA,NA,NA,NA,NA,NA,NA,NA,NA,NA,NA,NA,NA,NA,NA,NA,NA,NA,NA,NA,NA,NA,NA,NA,NA,NA,NA,NA,NA,NA,NA,NA,NA,NA,NA,NA,NA,NA,NA,NA,NA,NA,NA,NA,NA,NA,NA,NA,NA,NA,NA,NA,NA,NA,NA,NA,NA,NA,NA,NA,NA,NA,NA,NA,NA,NA,NA,NA,NA,NA,NA,NA,NA,NA,NA,NA,NA,NA,NA,NA,NA,NA,NA,NA,NA,NA,NA,NA,NA,NA,NA,NA,NA,NA,NA,NA,NA,NA,NA,NA,NA,NA,NA,NA,NA,NA,NA,NA,NA,NA,NA,NA,NA,NA,NA,NA,NA,NA,NA,NA,NA,NA,NA,NA,NA,NA,NA,NA,NA,NA,NA,NA,NA,NA,NA,NA,NA,NA,NA,NA,NA,NA,NA,NA,NA,NA,NA,NA,NA,NA,NA,NA,NA,NA,NA,NA,NA,NA,NA,NA,NA,NA,NA,NA,NA,NA,NA,NA,NA,NA,NA,NA,NA,NA,NA,NA,NA,NA,NA,NA,NA,NA,NA,NA,NA,NA,NA,NA,NA,NA,NA,NA,NA,NA,NA,NA,NA,NA,NA,NA,NA,NA,NA,NA,NA,NA,NA,NA,NA,NA,NA,NA,NA,NA,NA,NA,NA,NA,NA,NA,NA,NA,NA,NA,NA,NA,NA,NA,NA,NA,NA,NA,NA,NA,NA,NA,NA,NA,NA,NA,NA,NA,NA,NA,NA,NA,NA,NA,NA,NA,NA,NA,NA,NA,NA,NA,NA,NA,NA,NA,NA,NA,NA,NA,NA,NA,NA,NA,NA,NA,NA,NA,NA,NA,NA,NA,NA,NA,NA,NA,NA,NA,NA,NA,NA,NA,NA,NA,NA,NA,NA,NA,NA,NA,NA,NA,NA,NA,NA,NA,NA,NA,NA,NA,NA,NA,NA,NA,NA,NA,NA,NA,NA,NA,NA,NA,NA,NA,NA,NA,NA,NA,NA,NA,NA,NA,NA,NA,NA,NA,NA,NA,NA,NA,NA,NA,NA,NA,NA,NA,NA,NA,NA,NA,NA,NA,NA,NA,NA,NA,NA,NA,NA,NA,NA,NA,NA,NA,NA,NA,NA,NA,NA,NA,NA,NA,NA,NA,NA,NA,NA,NA,NA,NA,NA,NA,NA,NA,NA,NA,NA,NA,NA,NA,NA,NA,NA,NA,NA,NA,NA,NA,NA,NA,NA,NA,NA,NA,NA,NA,NA,NA,NA,NA,NA,NA,NA,NA,NA,NA,NA,NA,NA,NA,NA,NA,NA,NA,NA,NA,NA,NA,NA,NA,NA,NA,NA,NA,NA,NA,NA,NA,NA,NA,NA,NA,NA,NA,NA,NA,NA,NA,NA,NA,NA,NA,NA,NA,NA,NA,NA,NA,NA,NA,NA,NA,NA,NA,NA,NA,NA,NA,NA,NA,NA,NA,NA,NA,NA,NA,NA,NA,NA,NA,NA,NA,NA,NA,NA,NA,NA,NA,NA,NA,NA,NA,NA,NA,NA,NA,NA,NA,NA,NA,NA,NA,NA,NA,NA,NA,NA,NA,NA,NA,NA,NA,NA,NA,NA,NA,NA,NA,NA,NA,NA,NA,NA,NA,NA,NA,NA,NA,NA,NA,NA,NA,NA,NA,NA,NA,NA,NA,NA,NA,NA,NA,NA,NA,NA,NA,NA,NA,NA,NA,NA,NA,NA,NA,NA,NA,NA,NA,NA,NA,NA,NA,NA,NA,NA,NA,NA,NA,NA,NA,NA,NA,NA,NA,NA,NA,NA,NA,NA,NA,NA,NA,NA,NA,NA,NA,NA,NA,NA,NA,NA,NA,NA,NA,NA,NA,NA,NA,NA,NA,NA,NA,NA,NA,NA,NA,NA,NA,NA,NA,NA,NA,NA,NA,NA,NA,NA,NA,NA,NA,NA,NA,NA,NA,NA,NA,NA,NA,NA,NA,NA,NA,NA,NA,NA,NA,NA,NA,NA,NA,NA,NA,NA,NA,NA,NA,NA,NA,NA,NA,NA,NA,NA,NA,NA,NA,NA,NA,NA,NA,NA,NA,NA,NA,NA,NA,NA,NA,NA,NA,NA,NA,NA,NA,NA,NA,NA,NA,NA,NA,NA,NA,NA,NA,NA,NA,NA,NA,NA,NA,NA,NA,NA,NA,NA,NA,NA,NA,NA,NA,NA,NA,NA,NA,NA,NA,NA,NA,NA,NA,NA,NA,NA,NA,NA,NA,NA,NA,NA,NA,NA,NA,NA,NA,NA,NA,NA,NA,NA,NA,NA,NA,NA,NA,NA,NA,NA,NA,NA,NA,NA,NA,NA,NA,NA,NA,NA,NA,NA,NA,NA,NA,NA,NA,NA,NA,NA,NA,NA,NA,NA,NA,NA,NA,NA,NA,NA,NA,NA,NA,NA,NA,NA,NA,NA,NA,NA,NA,NA,NA,NA,NA,NA,NA,NA,NA,NA,NA,NA,NA,NA,NA,NA,NA,NA,NA,NA,NA,NA,NA,NA,NA,NA,NA,NA,NA,NA,NA,NA,NA,NA,NA,NA,NA,NA,NA,NA,NA,NA,NA,NA,NA,NA,NA,NA,NA,NA,NA,NA,NA,NA,NA,NA,NA,NA,NA,NA,NA,NA,NA,NA,NA,NA,NA,NA,NA,NA,NA,NA,NA,NA,NA,NA,NA,NA,NA,NA,NA,NA,NA,NA,NA,NA,NA,NA,NA,NA,NA,NA,NA,NA,NA,NA,NA,NA,NA,NA,NA,NA,NA,NA,NA,NA,NA,NA,NA,NA,NA,NA,NA,NA,NA,NA,NA,NA,NA,NA,NA,NA,NA,NA,NA,NA,NA,NA,NA,NA,NA,NA
#ERROR,,,"$$ER: E100,INVALID CODE OR EXPRESSION ENTERED",,,,,,,,,,,,,,,,,,,,,,,,,,,,,,,,,,,,,,,,,,,,,,,,,,,,,,,,,,,,,,,,,,,,,,,,,,,,,,,,,,,,,,,,,,,,,,,,,,,,,,,,,,,,,,,,,,,,,,,,,,,,,,,,,,,,,,,,,,,,,,,,,,,,,,,,,,,,,,,,,,,,,,,,,,,,,,,,,,,,,,,,,,,,,,,,,,,,,,,,,,,,,,,,,,,,,,,,,,,,,,,,,,,,,,,,,,,,,,,,,,,,,,,,,,,,,,,,,,,,,,,,,,,,,,,,,,,,,,,,,,,,,,,,,,,,,,,,,,,,,,,,,,,,,,,,,,,,,,,,,,,,,,,,,,,,,,,,,,,,,,,,,,,,,,,,,,,,,,,,,,,,,,,,,,,,,,,,,,,,,,,,,,,,,,,,,,,,,,,,,,,,,,,,,,,,,,,,,,,,,,,,,,,,,,,,,,,,,,,,,,,,,,,,,,,,,,,,,,,,,,,,,,,,,,,,,,,,,,,,,,,,,,,,,,,,,,,,,,,,,,,,,,,,,,,,,,,,,,,,,,,,,,,,,,,,,,,,,,,,,,,,,,,,,,,,,,,,,,,,,,,,,,,,,,,,,,,,,,,,,,,,,,,,,,,,,,,,,,,,,,,,,,,,,,,,,,,,,,,,,,,,,,,,,,,,,,,,,,,,,,,,,,,,,,,,,,,,,,,,,,,,,,,,,,,,,,,,,,,,,,,,,,,,,,,,,,,,,,,,,,,,,,,,,,,,,,,,,,,,,,,,,,,,,,,,,,,,,,,,,,,,,,,,,,,,,,,,,,,,,,,,,,,,,,,,,,,,,,,,,,,,,,,,,,,,,,,,,,,,,,,,,,,,,,,,,,,,,,,,,,,,,,,,,,,,,,,,,,,,,,,,,,,,,,,,,,,,,,,,,,,,,,,,,,,,,,,,,,,,,,,,,,,,,,,,,,,,,,,,,,,,,,,,,,,,,,,,,,,,,,,,,,,,,,,,,,,,,,,,,,,,,,,,,,,,,,,,,,,,,,,,,,,,,,,,,,,,,,,,,,,,,,,,,,,,,,,,,,,,,,,,,,,,,,,,,,,,,,,,
#ERROR,,,"$$ER: E100,INVALID CODE OR EXPRESSION ENTERED",,,,,,,,,,,,,,,,,,,,,,,,,,,,,,,,,,,,,,,,,,,,,,,,,,,,,,,,,,,,,,,,,,,,,,,,,,,,,,,,,,,,,,,,,,,,,,,,,,,,,,,,,,,,,,,,,,,,,,,,,,,,,,,,,,,,,,,,,,,,,,,,,,,,,,,,,,,,,,,,,,,,,,,,,,,,,,,,,,,,,,,,,,,,,,,,,,,,,,,,,,,,,,,,,,,,,,,,,,,,,,,,,,,,,,,,,,,,,,,,,,,,,,,,,,,,,,,,,,,,,,,,,,,,,,,,,,,,,,,,,,,,,,,,,,,,,,,,,,,,,,,,,,,,,,,,,,,,,,,,,,,,,,,,,,,,,,,,,,,,,,,,,,,,,,,,,,,,,,,,,,,,,,,,,,,,,,,,,,,,,,,,,,,,,,,,,,,,,,,,,,,,,,,,,,,,,,,,,,,,,,,,,,,,,,,,,,,,,,,,,,,,,,,,,,,,,,,,,,,,,,,,,,,,,,,,,,,,,,,,,,,,,,,,,,,,,,,,,,,,,,,,,,,,,,,,,,,,,,,,,,,,,,,,,,,,,,,,,,,,,,,,,,,,,,,,,,,,,,,,,,,,,,,,,,,,,,,,,,,,,,,,,,,,,,,,,,,,,,,,,,,,,,,,,,,,,,,,,,,,,,,,,,,,,,,,,,,,,,,,,,,,,,,,,,,,,,,,,,,,,,,,,,,,,,,,,,,,,,,,,,,,,,,,,,,,,,,,,,,,,,,,,,,,,,,,,,,,,,,,,,,,,,,,,,,,,,,,,,,,,,,,,,,,,,,,,,,,,,,,,,,,,,,,,,,,,,,,,,,,,,,,,,,,,,,,,,,,,,,,,,,,,,,,,,,,,,,,,,,,,,,,,,,,,,,,,,,,,,,,,,,,,,,,,,,,,,,,,,,,,,,,,,,,,,,,,,,,,,,,,,,,,,,,,,,,,,,,,,,,,,,,,,,,,,,,,,,,,,,,,,,,,,,,,,,,,,,,,,,,,,,,,,,,,,,,,,,,,,,,,,,,,,,,,,,,,,,,,,,,,,,,,,,,,,,,,,,,,,,,,,,,,,,,,,,,,,,,,,,,
#ERROR,,,"$$ER: E100,INVALID CODE OR EXPRESSION ENTERED",,,,,,,,,,,,,,,,,,,,,,,,,,,,,,,,,,,,,,,,,,,,,,,,,,,,,,,,,,,,,,,,,,,,,,,,,,,,,,,,,,,,,,,,,,,,,,,,,,,,,,,,,,,,,,,,,,,,,,,,,,,,,,,,,,,,,,,,,,,,,,,,,,,,,,,,,,,,,,,,,,,,,,,,,,,,,,,,,,,,,,,,,,,,,,,,,,,,,,,,,,,,,,,,,,,,,,,,,,,,,,,,,,,,,,,,,,,,,,,,,,,,,,,,,,,,,,,,,,,,,,,,,,,,,,,,,,,,,,,,,,,,,,,,,,,,,,,,,,,,,,,,,,,,,,,,,,,,,,,,,,,,,,,,,,,,,,,,,,,,,,,,,,,,,,,,,,,,,,,,,,,,,,,,,,,,,,,,,,,,,,,,,,,,,,,,,,,,,,,,,,,,,,,,,,,,,,,,,,,,,,,,,,,,,,,,,,,,,,,,,,,,,,,,,,,,,,,,,,,,,,,,,,,,,,,,,,,,,,,,,,,,,,,,,,,,,,,,,,,,,,,,,,,,,,,,,,,,,,,,,,,,,,,,,,,,,,,,,,,,,,,,,,,,,,,,,,,,,,,,,,,,,,,,,,,,,,,,,,,,,,,,,,,,,,,,,,,,,,,,,,,,,,,,,,,,,,,,,,,,,,,,,,,,,,,,,,,,,,,,,,,,,,,,,,,,,,,,,,,,,,,,,,,,,,,,,,,,,,,,,,,,,,,,,,,,,,,,,,,,,,,,,,,,,,,,,,,,,,,,,,,,,,,,,,,,,,,,,,,,,,,,,,,,,,,,,,,,,,,,,,,,,,,,,,,,,,,,,,,,,,,,,,,,,,,,,,,,,,,,,,,,,,,,,,,,,,,,,,,,,,,,,,,,,,,,,,,,,,,,,,,,,,,,,,,,,,,,,,,,,,,,,,,,,,,,,,,,,,,,,,,,,,,,,,,,,,,,,,,,,,,,,,,,,,,,,,,,,,,,,,,,,,,,,,,,,,,,,,,,,,,,,,,,,,,,,,,,,,,,,,,,,,,,,,,,,,,,,,,,,,,,,,,,,,,,,,,,,,,,,,,,,,,,,,,,,,,,,,,,
#ERROR,,,"$$ER: E100,INVALID CODE OR EXPRESSION ENTERED",,,,,,,,,,,,,,,,,,,,,,,,,,,,,,,,,,,,,,,,,,,,,,,,,,,,,,,,,,,,,,,,,,,,,,,,,,,,,,,,,,,,,,,,,,,,,,,,,,,,,,,,,,,,,,,,,,,,,,,,,,,,,,,,,,,,,,,,,,,,,,,,,,,,,,,,,,,,,,,,,,,,,,,,,,,,,,,,,,,,,,,,,,,,,,,,,,,,,,,,,,,,,,,,,,,,,,,,,,,,,,,,,,,,,,,,,,,,,,,,,,,,,,,,,,,,,,,,,,,,,,,,,,,,,,,,,,,,,,,,,,,,,,,,,,,,,,,,,,,,,,,,,,,,,,,,,,,,,,,,,,,,,,,,,,,,,,,,,,,,,,,,,,,,,,,,,,,,,,,,,,,,,,,,,,,,,,,,,,,,,,,,,,,,,,,,,,,,,,,,,,,,,,,,,,,,,,,,,,,,,,,,,,,,,,,,,,,,,,,,,,,,,,,,,,,,,,,,,,,,,,,,,,,,,,,,,,,,,,,,,,,,,,,,,,,,,,,,,,,,,,,,,,,,,,,,,,,,,,,,,,,,,,,,,,,,,,,,,,,,,,,,,,,,,,,,,,,,,,,,,,,,,,,,,,,,,,,,,,,,,,,,,,,,,,,,,,,,,,,,,,,,,,,,,,,,,,,,,,,,,,,,,,,,,,,,,,,,,,,,,,,,,,,,,,,,,,,,,,,,,,,,,,,,,,,,,,,,,,,,,,,,,,,,,,,,,,,,,,,,,,,,,,,,,,,,,,,,,,,,,,,,,,,,,,,,,,,,,,,,,,,,,,,,,,,,,,,,,,,,,,,,,,,,,,,,,,,,,,,,,,,,,,,,,,,,,,,,,,,,,,,,,,,,,,,,,,,,,,,,,,,,,,,,,,,,,,,,,,,,,,,,,,,,,,,,,,,,,,,,,,,,,,,,,,,,,,,,,,,,,,,,,,,,,,,,,,,,,,,,,,,,,,,,,,,,,,,,,,,,,,,,,,,,,,,,,,,,,,,,,,,,,,,,,,,,,,,,,,,,,,,,,,,,,,,,,,,,,,,,,,,,,,,,,,,,,,,,,,,,,,,,,,,,,,,,,,,,,,,,
#ERROR,,,"$$ER: E100,INVALID CODE OR EXPRESSION ENTERED",,,,,,,,,,,,,,,,,,,,,,,,,,,,,,,,,,,,,,,,,,,,,,,,,,,,,,,,,,,,,,,,,,,,,,,,,,,,,,,,,,,,,,,,,,,,,,,,,,,,,,,,,,,,,,,,,,,,,,,,,,,,,,,,,,,,,,,,,,,,,,,,,,,,,,,,,,,,,,,,,,,,,,,,,,,,,,,,,,,,,,,,,,,,,,,,,,,,,,,,,,,,,,,,,,,,,,,,,,,,,,,,,,,,,,,,,,,,,,,,,,,,,,,,,,,,,,,,,,,,,,,,,,,,,,,,,,,,,,,,,,,,,,,,,,,,,,,,,,,,,,,,,,,,,,,,,,,,,,,,,,,,,,,,,,,,,,,,,,,,,,,,,,,,,,,,,,,,,,,,,,,,,,,,,,,,,,,,,,,,,,,,,,,,,,,,,,,,,,,,,,,,,,,,,,,,,,,,,,,,,,,,,,,,,,,,,,,,,,,,,,,,,,,,,,,,,,,,,,,,,,,,,,,,,,,,,,,,,,,,,,,,,,,,,,,,,,,,,,,,,,,,,,,,,,,,,,,,,,,,,,,,,,,,,,,,,,,,,,,,,,,,,,,,,,,,,,,,,,,,,,,,,,,,,,,,,,,,,,,,,,,,,,,,,,,,,,,,,,,,,,,,,,,,,,,,,,,,,,,,,,,,,,,,,,,,,,,,,,,,,,,,,,,,,,,,,,,,,,,,,,,,,,,,,,,,,,,,,,,,,,,,,,,,,,,,,,,,,,,,,,,,,,,,,,,,,,,,,,,,,,,,,,,,,,,,,,,,,,,,,,,,,,,,,,,,,,,,,,,,,,,,,,,,,,,,,,,,,,,,,,,,,,,,,,,,,,,,,,,,,,,,,,,,,,,,,,,,,,,,,,,,,,,,,,,,,,,,,,,,,,,,,,,,,,,,,,,,,,,,,,,,,,,,,,,,,,,,,,,,,,,,,,,,,,,,,,,,,,,,,,,,,,,,,,,,,,,,,,,,,,,,,,,,,,,,,,,,,,,,,,,,,,,,,,,,,,,,,,,,,,,,,,,,,,,,,,,,,,,,,,,,,,,,,,,,,,,,,,,,,,,,,,,,,,,,,,,,,,,,
MEXICO IPC (BOLSA) - TURNOVER BY VOLUME,MEXIPCI(VO),MP,NA,NA,NA,NA,NA,NA,NA,NA,NA,NA,NA,NA,NA,NA,NA,NA,NA,NA,NA,NA,NA,NA,NA,NA,NA,NA,NA,NA,NA,NA,NA,NA,NA,NA,NA,NA,NA,NA,NA,NA,NA,NA,NA,NA,NA,NA,NA,NA,NA,NA,NA,NA,NA,NA,NA,NA,NA,NA,NA,NA,NA,NA,NA,NA,NA,NA,NA,NA,NA,NA,NA,NA,NA,NA,NA,NA,NA,NA,NA,NA,NA,NA,NA,NA,NA,NA,NA,NA,NA,NA,NA,NA,NA,NA,NA,NA,NA,NA,NA,NA,NA,NA,NA,NA,NA,NA,NA,NA,NA,NA,NA,NA,NA,NA,NA,NA,NA,NA,NA,NA,NA,NA,NA,NA,NA,NA,NA,NA,NA,NA,NA,NA,NA,NA,NA,NA,NA,NA,NA,NA,NA,NA,NA,NA,NA,NA,NA,NA,NA,NA,NA,NA,NA,NA,NA,NA,NA,NA,NA,NA,NA,NA,NA,NA,NA,NA,NA,NA,NA,NA,NA,NA,NA,NA,NA,NA,NA,NA,NA,NA,NA,NA,NA,NA,NA,NA,NA,NA,NA,NA,NA,NA,NA,NA,NA,NA,NA,NA,NA,NA,NA,NA,NA,NA,NA,NA,NA,NA,NA,NA,NA,NA,NA,NA,NA,NA,NA,NA,NA,NA,NA,NA,NA,NA,NA,NA,NA,NA,NA,NA,NA,NA,NA,NA,NA,NA,NA,NA,NA,NA,NA,NA,NA,NA,NA,NA,NA,NA,NA,NA,NA,NA,NA,NA,NA,NA,NA,NA,NA,NA,73470,59788,71663,48521,44537,46529,59095,23810,67870,57475,24617,41106,34670,27918,82086,40336,45320,50342,36747,13003,14801,18655,61912,61553,NA,18360,33154,10106,60037,55027,54945,38527,42111,51374,38423,85478,12510,43713,28596,47346,62801,72632,47704,60023,59311,66471,27719,26914,35193,20877,51831,22543,23370,32171,22491,NA,13239,52534,32887,20836,50804,27385,69360,NA,NA,28091,48332,17072,11237,64238,19529,32831,16975,12982,28423,20703,80499,16185,16359,10566,11687,24885,74772,14724,16121,18667,51754,36964,NA,29297,20291,15391,23932,61203,15864,21926,61859,65217,45518,44849,35731,41288,25668,15409,55129,20448,46902,36370,29544,54585,75910,29725,44370,40612,52634,24353,26197,57837,26026,33070,36307,22657,25920,31810,22363,17788,22354,25748,22467,58304,31208,33532,NA,21811,88569,42567,14016,23906,12676,13164,17974,17554,23545,24333,36257,38850,34271,21797,34575,26718,19004,28252,16846,90535,21138,20705,15921,24596,26471,11129,14799,31272,72894,12198,9037,44389,68871,67921,42458,21670,20232,14476,48896,NA,95870,83562,98028,24170,27649,17227,10721,26683,15873,16114,NA,10237,8873,19356,16600,11503,10458,10145,7922,22735,26644,10347,28585,45807,15556,54834,78432,17580,NA,15483,13905,29124,16884,11345,16723,60475,61991,15020,37005,16359,18689,10941,16907,NA,73858,15512,17209,69588,36997,10022,25247,12056,25370,27922,65184,38762,23391,44149,58327,25571,41949,43955,17333,66984,NA,32630,34345,47640,38947,NA,23145,NA,25673,38537,32076,22481,59341,69560,32441,20434,88474,27333,31392,12418,21905,NA,59226,20743,64883,81495,35899,50563,16614,86876,40813,12467,11565,23413,15819,13523,11019,9386,19409,13805,13557,9178,11193,17301,76923,17140,12347,10368,22480,24462,9433,35251,6128,7131,14976,64333,8810,10402,15715,8909,12493,11928,23955,17934,20252,8330,21004,18357,12379,36445,29673,29535,25147,12590,14278,16659,2522,9969,NA,9057,NA,NA,7226,13840,28330,16875,25714,12580,17049,10066,8481,18722,15931,46094,46149,13372,25472,9437,31385,1019,40803,34554,29662,35838,42565,24511,20729,NA,9578,18692,20232,NA,18057,40798,15101,19884,15528,11681,32048,28076,41122,10538,49495,25981,45081,43530,52080,27261,33361,26960,27009,45594,11537,42325,36239,20987,40361,55282,50490,50101,35019,41702,14737,30846,85574,37952,34859,19280,32146,28391,54345,21007,24949,89394,48382,34096,61567,51825,38313,61587,31731,12992,12452,16779,19996,41848,12989,32670,46713,60064,22487,10893,9989,23285,20591,10398,10611,5895,21572,13945,15544,32277,35671,27777,41451,14989,22771,16921,23437,13521,15337,17802,14057,48577,39943,21816,28382,35168,56137,48704,33828,35349,20687,29147,23497,26444,27850,18030,30014,33045,36952,35488,26026,37855,47461,22096,40172,11491,18301,23022,91256,32431,52839,26992,23562,NA,36526,48997,45027,50709,27140,21106,22626,1540,30363,23650,36264,24545,25868,NA,NA,13314,18927,26026,29258,17682,19838,20149,28156,44982,20177,22251,NA,14192,28925,36552,27826,29622,30178,18283,55058,26157,29663,27124,61998,26955,1048,27767,NA,29867,53459,55650,18484,41901,64319,27041,41792,NA,51018,25428,13572,NA,NA,15151,46492,70682,62313,27026,85214,50933,40827,58437,36090,72670,59213,25079,43950,25086,34537,80622,46446,1479,61656,74144,63433,83859,75313,NA,42476,51299,41625,54560,26590,63989,40851,32045,32969,33060,45258,29531,38215,32747,1398,91944,43386,26073,34816,28730,63764,44991,19041,22383,17263,21079,23610,42961,53766,22779,29262,NA,40713,38972,55428,50942,32379,34209,43381,26128,47153,34325,62805,54214,18475,26646,19876,NA,NA,26002,31712,40453,50385,33357,28736,42234,41016,61246,45064,14307,NA,17830,52305,106193,36445,67718,89454,52897,73379,46046,51655,108745,74528,51444,46802,72511,110827,19364,98624,60808,85093,63824,41206,54012,52485,45199,47727,62066,31953,58965,70259,40754,31645,42398,42865,89743,31092,24586,16538,67227,23860,37099,31405,27785,26755,39702,14221,41428,24969,15413,66800,38574,38665,27753,19293,33670,40515,40723,37763,68985,44235,48650,32856,29693,16610,24684,67379,23995,44776,22163,66892,85077,30619,84358,42549,19093,26164,18979,42855,32964,74317,46701,41931,1378,33519,38960,26847,25026,32079,18459,16227,25393,8040,18833,34775,8042,9090,17923,11177,12184,10716,7834,22463,9830,17436,14305,39618,30237,35243,98008,25953,21935,10607,20374,12557,13747,11363,9737,NA,22962,23120,54592,35319,29342,36818,76290,67096,28402,67245,37846,19977,31046,NA,NA,13764,51414,23086,21240,17708,14878,25448,37026,33310,41797,11443,NA,17540,34648,19022,25515,17909,16614,21847,29137,74046
ATHEX COMPOSITE - TURNOVER BY VOLUME,GRAGENL(VO),E,NA,NA,NA,NA,NA,NA,NA,NA,NA,NA,NA,NA,NA,NA,NA,NA,NA,NA,NA,NA,NA,NA,NA,NA,NA,NA,NA,NA,NA,NA,NA,NA,NA,NA,NA,NA,NA,NA,NA,NA,NA,NA,NA,NA,NA,NA,NA,NA,NA,NA,NA,NA,NA,NA,NA,NA,NA,NA,NA,NA,NA,NA,NA,NA,NA,NA,NA,NA,NA,NA,NA,NA,NA,NA,NA,NA,NA,NA,NA,NA,NA,NA,NA,NA,NA,NA,NA,NA,NA,NA,NA,NA,NA,NA,NA,NA,NA,NA,NA,NA,NA,NA,NA,NA,NA,NA,NA,NA,NA,NA,NA,NA,NA,NA,NA,NA,NA,NA,NA,NA,NA,NA,NA,NA,NA,NA,NA,NA,NA,NA,NA,NA,NA,NA,NA,NA,NA,NA,NA,NA,NA,NA,NA,NA,NA,NA,NA,NA,NA,NA,NA,NA,NA,NA,NA,NA,NA,NA,NA,NA,NA,NA,NA,NA,NA,NA,NA,NA,NA,NA,NA,NA,NA,NA,NA,NA,NA,NA,NA,NA,NA,NA,NA,NA,NA,NA,NA,NA,NA,NA,NA,NA,NA,NA,NA,NA,NA,NA,NA,NA,NA,NA,NA,NA,NA,NA,NA,NA,NA,NA,NA,NA,NA,NA,NA,NA,NA,NA,NA,NA,NA,NA,NA,NA,NA,NA,NA,NA,NA,NA,NA,NA,NA,NA,NA,NA,NA,NA,NA,NA,NA,NA,NA,NA,NA,NA,NA,NA,NA,NA,NA,NA,NA,NA,NA,NA,NA,NA,NA,NA,NA,NA,NA,NA,NA,NA,NA,NA,NA,NA,NA,NA,NA,NA,NA,NA,NA,NA,NA,NA,NA,NA,NA,NA,NA,NA,NA,NA,NA,NA,NA,NA,NA,NA,NA,NA,NA,NA,NA,NA,NA,NA,NA,NA,NA,NA,NA,NA,NA,NA,NA,NA,NA,NA,NA,NA,NA,NA,NA,NA,NA,NA,NA,NA,NA,NA,NA,NA,NA,NA,NA,NA,NA,NA,NA,NA,NA,NA,NA,NA,NA,NA,NA,NA,NA,NA,NA,NA,NA,NA,NA,NA,NA,NA,NA,NA,NA,NA,NA,NA,NA,NA,NA,NA,NA,NA,NA,NA,NA,NA,NA,NA,NA,NA,NA,NA,NA,NA,NA,NA,NA,NA,NA,NA,NA,NA,NA,NA,NA,NA,NA,NA,NA,NA,NA,NA,NA,NA,NA,NA,NA,NA,NA,NA,NA,NA,NA,NA,NA,NA,NA,NA,NA,NA,NA,NA,NA,NA,NA,NA,NA,NA,NA,NA,NA,NA,NA,NA,NA,NA,NA,NA,NA,NA,NA,NA,NA,NA,NA,NA,NA,NA,NA,NA,NA,NA,NA,NA,NA,NA,NA,NA,NA,NA,NA,NA,NA,NA,NA,NA,NA,NA,NA,NA,NA,NA,NA,NA,NA,NA,NA,NA,NA,NA,NA,NA,NA,NA,NA,NA,NA,NA,NA,NA,NA,NA,NA,NA,NA,NA,NA,NA,NA,NA,NA,NA,NA,NA,NA,NA,NA,NA,NA,NA,NA,NA,NA,NA,NA,NA,NA,NA,NA,NA,NA,NA,NA,NA,NA,NA,NA,NA,NA,NA,NA,NA,NA,NA,NA,NA,NA,NA,NA,NA,NA,NA,NA,NA,NA,NA,NA,NA,NA,NA,NA,NA,NA,NA,NA,NA,NA,NA,NA,NA,NA,NA,NA,NA,NA,NA,NA,NA,NA,NA,NA,NA,NA,NA,NA,NA,NA,NA,NA,NA,NA,NA,NA,NA,NA,NA,NA,NA,NA,NA,NA,NA,NA,NA,NA,NA,NA,NA,NA,NA,NA,NA,NA,NA,NA,NA,NA,NA,NA,NA,NA,NA,NA,NA,NA,NA,NA,NA,NA,NA,NA,NA,NA,NA,NA,NA,NA,NA,NA,NA,NA,NA,NA,NA,NA,NA,NA,NA,NA,NA,NA,NA,NA,NA,NA,NA,NA,NA,NA,NA,NA,NA,NA,NA,NA,NA,NA,NA,NA,NA,NA,NA,NA,NA,NA,NA,NA,NA,NA,NA,NA,NA,NA,NA,NA,NA,NA,NA,NA,NA,NA,NA,NA,NA,NA,NA,NA,NA,NA,NA,NA,NA,NA,NA,NA,NA,NA,NA,NA,NA,NA,NA,NA,NA,NA,NA,NA,NA,NA,NA,NA,NA,NA,NA,NA,NA,NA,NA,NA,NA,NA,NA,NA,NA,NA,NA,NA,NA,NA,NA,NA,NA,NA,NA,NA,NA,NA,NA,NA,NA,NA,NA,NA,NA,NA,NA,NA,NA,NA,NA,NA,NA,NA,NA,NA,NA,NA,NA,NA,NA,NA,NA,NA,NA,NA,NA,NA,NA,NA,NA,NA,NA,NA,NA,NA,NA,NA,NA,NA,NA,NA,NA,NA,NA,NA,NA,NA,NA,NA,NA,NA,NA,NA,NA,NA,NA,NA,NA,NA,NA,NA,NA,NA,NA,NA,NA,NA,NA,NA,NA,NA,NA,NA,NA,NA,NA,NA,NA,NA,NA,NA,NA,NA,NA,NA,NA,NA,NA,NA,NA,NA,NA,NA,NA,NA,NA,NA,NA,NA,NA,NA,NA,NA,NA,NA,NA,NA,NA,NA,NA,NA,NA,NA,NA,NA,NA,NA,NA,NA,NA,NA,NA,NA,NA,NA,NA,NA,NA,NA,NA,NA,NA,NA,NA,NA,NA,NA,NA,NA,NA,NA,NA,NA,NA,NA,NA,NA,NA,NA,NA,NA,NA,NA,NA,NA,NA,NA,NA,NA,NA,NA,NA,NA,NA,NA,NA,NA,NA,NA,NA,NA,NA,NA,NA,NA,NA,NA,NA,NA,NA,NA,NA,NA,NA,NA,NA,NA,NA,NA,NA,NA,NA,NA,NA,NA,NA,NA,NA,NA,NA,NA,NA,NA,NA,NA,NA,NA,NA,NA,NA,NA,NA,NA,NA,NA,NA,NA,NA,NA,NA,NA,NA,NA,NA,NA,NA,NA,NA,NA,NA,NA,NA,NA,NA,NA,NA,NA,NA,NA,NA,NA,NA,NA,NA,NA,NA,NA,NA,NA,NA,NA,NA,NA,NA,NA,NA,NA,NA,NA,NA,NA,NA,NA,NA,NA,NA,NA,NA,NA,NA,NA,NA,NA,NA,NA,NA,NA,NA,NA,NA,NA,NA,NA,NA,NA,NA,NA
#ERROR,,,"$$ER: E100,INVALID CODE OR EXPRESSION ENTERED",,,,,,,,,,,,,,,,,,,,,,,,,,,,,,,,,,,,,,,,,,,,,,,,,,,,,,,,,,,,,,,,,,,,,,,,,,,,,,,,,,,,,,,,,,,,,,,,,,,,,,,,,,,,,,,,,,,,,,,,,,,,,,,,,,,,,,,,,,,,,,,,,,,,,,,,,,,,,,,,,,,,,,,,,,,,,,,,,,,,,,,,,,,,,,,,,,,,,,,,,,,,,,,,,,,,,,,,,,,,,,,,,,,,,,,,,,,,,,,,,,,,,,,,,,,,,,,,,,,,,,,,,,,,,,,,,,,,,,,,,,,,,,,,,,,,,,,,,,,,,,,,,,,,,,,,,,,,,,,,,,,,,,,,,,,,,,,,,,,,,,,,,,,,,,,,,,,,,,,,,,,,,,,,,,,,,,,,,,,,,,,,,,,,,,,,,,,,,,,,,,,,,,,,,,,,,,,,,,,,,,,,,,,,,,,,,,,,,,,,,,,,,,,,,,,,,,,,,,,,,,,,,,,,,,,,,,,,,,,,,,,,,,,,,,,,,,,,,,,,,,,,,,,,,,,,,,,,,,,,,,,,,,,,,,,,,,,,,,,,,,,,,,,,,,,,,,,,,,,,,,,,,,,,,,,,,,,,,,,,,,,,,,,,,,,,,,,,,,,,,,,,,,,,,,,,,,,,,,,,,,,,,,,,,,,,,,,,,,,,,,,,,,,,,,,,,,,,,,,,,,,,,,,,,,,,,,,,,,,,,,,,,,,,,,,,,,,,,,,,,,,,,,,,,,,,,,,,,,,,,,,,,,,,,,,,,,,,,,,,,,,,,,,,,,,,,,,,,,,,,,,,,,,,,,,,,,,,,,,,,,,,,,,,,,,,,,,,,,,,,,,,,,,,,,,,,,,,,,,,,,,,,,,,,,,,,,,,,,,,,,,,,,,,,,,,,,,,,,,,,,,,,,,,,,,,,,,,,,,,,,,,,,,,,,,,,,,,,,,,,,,,,,,,,,,,,,,,,,,,,,,,,,,,,,,,,,,,,,,,,,,,,,,,,,,,,,,,,,,,,,,,,,,,,,,,,,,,,,,,,,,,,,,,,,,,,,,,,,,,,,,,,,,,,,,,,,,,,,,,
#ERROR,,,"$$ER: E100,INVALID CODE OR EXPRESSION ENTERED",,,,,,,,,,,,,,,,,,,,,,,,,,,,,,,,,,,,,,,,,,,,,,,,,,,,,,,,,,,,,,,,,,,,,,,,,,,,,,,,,,,,,,,,,,,,,,,,,,,,,,,,,,,,,,,,,,,,,,,,,,,,,,,,,,,,,,,,,,,,,,,,,,,,,,,,,,,,,,,,,,,,,,,,,,,,,,,,,,,,,,,,,,,,,,,,,,,,,,,,,,,,,,,,,,,,,,,,,,,,,,,,,,,,,,,,,,,,,,,,,,,,,,,,,,,,,,,,,,,,,,,,,,,,,,,,,,,,,,,,,,,,,,,,,,,,,,,,,,,,,,,,,,,,,,,,,,,,,,,,,,,,,,,,,,,,,,,,,,,,,,,,,,,,,,,,,,,,,,,,,,,,,,,,,,,,,,,,,,,,,,,,,,,,,,,,,,,,,,,,,,,,,,,,,,,,,,,,,,,,,,,,,,,,,,,,,,,,,,,,,,,,,,,,,,,,,,,,,,,,,,,,,,,,,,,,,,,,,,,,,,,,,,,,,,,,,,,,,,,,,,,,,,,,,,,,,,,,,,,,,,,,,,,,,,,,,,,,,,,,,,,,,,,,,,,,,,,,,,,,,,,,,,,,,,,,,,,,,,,,,,,,,,,,,,,,,,,,,,,,,,,,,,,,,,,,,,,,,,,,,,,,,,,,,,,,,,,,,,,,,,,,,,,,,,,,,,,,,,,,,,,,,,,,,,,,,,,,,,,,,,,,,,,,,,,,,,,,,,,,,,,,,,,,,,,,,,,,,,,,,,,,,,,,,,,,,,,,,,,,,,,,,,,,,,,,,,,,,,,,,,,,,,,,,,,,,,,,,,,,,,,,,,,,,,,,,,,,,,,,,,,,,,,,,,,,,,,,,,,,,,,,,,,,,,,,,,,,,,,,,,,,,,,,,,,,,,,,,,,,,,,,,,,,,,,,,,,,,,,,,,,,,,,,,,,,,,,,,,,,,,,,,,,,,,,,,,,,,,,,,,,,,,,,,,,,,,,,,,,,,,,,,,,,,,,,,,,,,,,,,,,,,,,,,,,,,,,,,,,,,,,,,,,,,,,,,,,,,,,,,,,,,,,,,,,,,,,,,,,,
TOPIX - TURNOVER BY VOLUME,TOKYOSE(VO),Y,207519,472796,546599,672680,729330,403135,378061,881605,881605,1268527,988099,990671,877975,1243500,1223711,1078836,877488,1547453,1288677,1224671,1095983,1013725,1527890,1793516,938311,357006,1085982,1085982,1830789,1629057,751845,1090334,1829508,1423945,982150,625814,1323819,1606793,1289144,1084796,1198511,1113944,1043255,1011898,1025990,756277,1207907,2132121,1584287,1312383,1135080,1944615,2523577,1379901,1522397,1765064,1864840,1408881,1507785,2822566,1071270,1202603,1665146,1743453,1511222,1785139,1895155,1998338,1429907,1203793,762318,1102670,1262324,1424484,1393785,892166,1419835,2267948,1162715,1810404,1134690,1073232,1073232,886897,1308816,1308816,1308816,760846,1173358,2028030,1256058,1288835,1130725,1180918,1057842,662772,680123,827654,752085,960607,692961,855981,1448579,1182661,1472315,1347275,1035092,1209230,1433267,1235176,673472,626776,1114783,1111351,1318226,796061,1030532,1130964,817135,1079031,671948,1068327,979964,854976,965926,506562,701273,828489,956301,1100240,510173,570963,605046,600882,608642,588443,582909,498636,437378,534430,388411,440330,421366,482006,801251,364080,751386,1084503,932608,843049,523742,537260,534499,630988,632019,612293,883929,1135532,1166090,965442,599695,759978,936193,1097600,1431577,624825,649092,989375,1211086,2305785,1157961,1491540,1205234,914252,863452,379416,546071,620033,565882,862315,750335,750335,821643,1202951,1605886,912100,1279451,1279450,1528881,945965,1504198,1182427,1291781,1462297,837695,786059,1142000,1100940,1671820,1503650,662330,1366730,1401810,952890,767860,619740,485240,1116410,1408557,500000,665160,939840,859540,721138,934320,550000,563760,566664,450560,627470,247160,392211,556900,374900,623257,292150,270560,554321,716489,359558,359558,340019,NA,685390,706100,271240,413540,531960,392810,335772,291080,458600,501690,625073,611680,325600,512150,685383,523330,563350,509310,403979,372620,424820,544210,544220,NA,NA,NA,NA,182330,458670,982960,999140,926330,396361,534470,446605,481580,NA,612800,559315,503510,518450,569060,554780,672080,839010,631340,715950,637690,495720,474810,559120,543090,412690,419460,661830,NA,724050,661000,661000,732610,812747,1044290,861279,937980,1163915,956530,1353410,923390,1764530,1839450,1129950,1353590,826440,828140,1415700,1628530,1800000,964130,1642770,1676660,1191680,126430,126430,1211399,1524952,841930,719090,1203500,1072120,1895616,561410,561410,1110910,684190,1193730,1683690,1537610,915610,828060,992260,1244800,1007660,563460,637630,993350,666940,701690,871220,1063040,784010,800000,NA,901940,NA,NA,NA,744860,620270,745730,1169440,898510,1126130,917621,1088970,1291310,1070120,836250,739320,1163070,1540110,1192170,1422200,1074620,1669210,2560920,1964690,2182790,1629240,2176010,1918800,2698190,2080560,938970,929660,2493870,1448520,1931560,1198630,1170500,1252310,989260,600000,941260,2532560,2287550,2670140,2620790,918140,1688150,2185720,1880740,1529700,1076110,1959090,2187710,2215670,2042420,1147000,1244690,1358690,1601800,1624460,627020,904960,1289460,1085340,1085340,927710,773390,820780,858020,869400,679570,664320,759480,616030,496610,233130,284040,897830,782720,999590,630870,531280,619400,436170,230000,457080,446350,413620,494420,533920,472940,513540,820750,871100,784600,767990,876780,1061980,NA,1129620,1054230,1059030,847270,868640,300000,605010,1759250,1810190,1080060,1110390,673110,1051510,992980,636640,503040,503040,652790,655160,871110,740400,435960,403070,601810,980920,450000,594180,1234050,2006350,2020440,2617700,1114710,1516000,1882070,1882070,830220,866750,891100,1319470,1206126,942700,582390,1081800,1228490,880750,1258650,869000,1158610,1158610,920280,941200,1279580,1136110,1616270,1535162,1238731,651770,1070540,1037142,950508,1001879,596800,770674,1017622,800675,818601,460510,654340,629970,733940,623920,638200,723730,451735,NA,NA,NA,NA,403487,798237,890270,1167578,1625620,1517257,1249620,1771890,NA,933280,1232440,1231650,1076830,1023916,1362184,1173620,1173620,850000,831000,855460,1029820,1321830,1944682,1329517,1956253,1793584,1500629,1369263,1394680,1563400,1708410,1910500,1833300,1180400,1211900,1439490,2186730,2186730,1184500,1197330,1012660,796410,1100560,576910,1034910,1192680,847400,914520,563830,818560,1192381,1350029,1179950,930420,930420,1002180,784581,681500,689990,1194980,1390510,1461010,1586410,1432490,1826900,1806960,1086820,1440520,731650,1118820,1027550,846310,640807,770170,1098240,1382820,905310,874570,464130,820000,1331190,1123650,1189660,920660,1199410,NA,NA,NA,1124890,1017440,865750,821620,720600,421630,665550,792340,626700,750710,608010,725960,665830,714440,729870,934480,690410,1154760,1622540,913130,489262,566601,622347,659897,519655,342810,526985,513950,665066,591194,453795,682768,627172,583859,757580,441956,506970,611566,421252,423127,305909,545186,666176,567449,695617,511126,555345,636429,571289,329700,267907,300414,352480,487915,536091,601461,1033926,1073173,1398616,876845,551198,752085,816772,500751,385284,306039,476650,545738,673383,556009,411279,415466,579627,477177,456238,468022,457830,544607,389987,418276,313604,561467,518582,658214,644976,437149,530483,582049,633662,791360,420016,514460,638100,585213,NA,490738,657679,647582,655037,699890,587397,969872,1062646,1032711,947690,769050,800489,887851,910077,736510,709487,NA,751080,632343,574779,526216,677703,840728,862238,1029612,604962,914132,1074758,886521,1237554,581952,908888,970060,791077,NA,610713,766226,852854,855345,1062300,756243,936321,1211869,1078600,896510,693168,803668,922498,922500,918462,1010204,1558219,1613847,1091456,1182295,1167792,1367722,1158400,944410,850454,738263,847149,873959,832523,843517,860161,965560,1061437,672058,571016,506990,653080,929620,606097,472753,NA,NA,NA,472087,756759,520017,543076,553897,629382,601726,601730,438041,565113,527102,517073,377904,532998,557519,536340,522830,430107,476661,400761,507060,587065,406410,535054,470320,430312,364375,NA,297323,374680,513480,520221,341343,335002,473317,523875,445267,456914,565491,728222,618220,594645,422157,562359,442865,603826,664432,380245,422452,486748,508938,487237,411853,613077,NA,609954,668981,710076,680104,627451,695099,548078,481867,646973,596604,657609,838596,787923,565835,505698,421274,330138,232734,423540,488625,906761,687185,337789,508432,678633,561740,487586,487590,245187,482430,482430,492430,617476,746040,753536,731238,626177,824037,925651,720872,590900,482300,369921,549420,640102,648620,1041298,765128,825012,801253,805004,709067,633727,567913,599637,660530,675593,351326,478660,426574,456154,460289,319705,335220,415399,408581,350695,292353,396459,630319,448484,551655,369362,465969,546615,472820,462087,401667,352393,386936,442238,512668,609933,628339,621530,620871,503585,301932,355454,352910,332360,437193,241587,382141,439940,402480,431140,300000,526450,577030,409943,317450,267550,380000,458373,305763,289950,206920,283890,397740,477510,546125,351690,504200,430240,576340,592228,368960,331330,397500,389780,443361,336660,405910,546450,565850,546503,306288,401855,390076,407295,458201,NA,253427,364625,487642,506381,428620,549520,581110,300300,477802,394460,442060,442060,291180,322490,370750,521650,590310,739490,1088134,598110,566100,525540,724410,498266,525970,410470,425570,351770,313310,214120,295370,334920,357050,326841,326840,408090,339300,308700,313570,302280,217770,282530,367630,367630,249070,248410,359530,316250,351794,263640
#ERROR,,,"$$ER: E100,INVALID CODE OR EXPRESSION ENTERED",,,,,,,,,,,,,,,,,,,,,,,,,,,,,,,,,,,,,,,,,,,,,,,,,,,,,,,,,,,,,,,,,,,,,,,,,,,,,,,,,,,,,,,,,,,,,,,,,,,,,,,,,,,,,,,,,,,,,,,,,,,,,,,,,,,,,,,,,,,,,,,,,,,,,,,,,,,,,,,,,,,,,,,,,,,,,,,,,,,,,,,,,,,,,,,,,,,,,,,,,,,,,,,,,,,,,,,,,,,,,,,,,,,,,,,,,,,,,,,,,,,,,,,,,,,,,,,,,,,,,,,,,,,,,,,,,,,,,,,,,,,,,,,,,,,,,,,,,,,,,,,,,,,,,,,,,,,,,,,,,,,,,,,,,,,,,,,,,,,,,,,,,,,,,,,,,,,,,,,,,,,,,,,,,,,,,,,,,,,,,,,,,,,,,,,,,,,,,,,,,,,,,,,,,,,,,,,,,,,,,,,,,,,,,,,,,,,,,,,,,,,,,,,,,,,,,,,,,,,,,,,,,,,,,,,,,,,,,,,,,,,,,,,,,,,,,,,,,,,,,,,,,,,,,,,,,,,,,,,,,,,,,,,,,,,,,,,,,,,,,,,,,,,,,,,,,,,,,,,,,,,,,,,,,,,,,,,,,,,,,,,,,,,,,,,,,,,,,,,,,,,,,,,,,,,,,,,,,,,,,,,,,,,,,,,,,,,,,,,,,,,,,,,,,,,,,,,,,,,,,,,,,,,,,,,,,,,,,,,,,,,,,,,,,,,,,,,,,,,,,,,,,,,,,,,,,,,,,,,,,,,,,,,,,,,,,,,,,,,,,,,,,,,,,,,,,,,,,,,,,,,,,,,,,,,,,,,,,,,,,,,,,,,,,,,,,,,,,,,,,,,,,,,,,,,,,,,,,,,,,,,,,,,,,,,,,,,,,,,,,,,,,,,,,,,,,,,,,,,,,,,,,,,,,,,,,,,,,,,,,,,,,,,,,,,,,,,,,,,,,,,,,,,,,,,,,,,,,,,,,,,,,,,,,,,,,,,,,,,,,,,,,,,,,,,,,,,,,,,,,,,,,,,,,,,,,,,,,,,,,,,,,,,,,,,,,,,,,,,,,,,,,,,,,,,,,,,,,,,,
#ERROR,,,"$$ER: E100,INVALID CODE OR EXPRESSION ENTERED",,,,,,,,,,,,,,,,,,,,,,,,,,,,,,,,,,,,,,,,,,,,,,,,,,,,,,,,,,,,,,,,,,,,,,,,,,,,,,,,,,,,,,,,,,,,,,,,,,,,,,,,,,,,,,,,,,,,,,,,,,,,,,,,,,,,,,,,,,,,,,,,,,,,,,,,,,,,,,,,,,,,,,,,,,,,,,,,,,,,,,,,,,,,,,,,,,,,,,,,,,,,,,,,,,,,,,,,,,,,,,,,,,,,,,,,,,,,,,,,,,,,,,,,,,,,,,,,,,,,,,,,,,,,,,,,,,,,,,,,,,,,,,,,,,,,,,,,,,,,,,,,,,,,,,,,,,,,,,,,,,,,,,,,,,,,,,,,,,,,,,,,,,,,,,,,,,,,,,,,,,,,,,,,,,,,,,,,,,,,,,,,,,,,,,,,,,,,,,,,,,,,,,,,,,,,,,,,,,,,,,,,,,,,,,,,,,,,,,,,,,,,,,,,,,,,,,,,,,,,,,,,,,,,,,,,,,,,,,,,,,,,,,,,,,,,,,,,,,,,,,,,,,,,,,,,,,,,,,,,,,,,,,,,,,,,,,,,,,,,,,,,,,,,,,,,,,,,,,,,,,,,,,,,,,,,,,,,,,,,,,,,,,,,,,,,,,,,,,,,,,,,,,,,,,,,,,,,,,,,,,,,,,,,,,,,,,,,,,,,,,,,,,,,,,,,,,,,,,,,,,,,,,,,,,,,,,,,,,,,,,,,,,,,,,,,,,,,,,,,,,,,,,,,,,,,,,,,,,,,,,,,,,,,,,,,,,,,,,,,,,,,,,,,,,,,,,,,,,,,,,,,,,,,,,,,,,,,,,,,,,,,,,,,,,,,,,,,,,,,,,,,,,,,,,,,,,,,,,,,,,,,,,,,,,,,,,,,,,,,,,,,,,,,,,,,,,,,,,,,,,,,,,,,,,,,,,,,,,,,,,,,,,,,,,,,,,,,,,,,,,,,,,,,,,,,,,,,,,,,,,,,,,,,,,,,,,,,,,,,,,,,,,,,,,,,,,,,,,,,,,,,,,,,,,,,,,,,,,,,,,,,,,,,,,,,,,,,,,,,,,,,,,,,,,,,,,,,,,,,
KOREA SE COMPOSITE (KOSPI) - TURNOVER BY VOLUME,KORCOMP(VO),KW,382,1509,2478,3553,2860,3129,4332,4582,5191,3848,3720,3967,5277,4465,4033,3711,3558,3842,NA,3447,4725,3754,4551,5614,5219,6365,5543,5703,5449,5903,5309,4485,4317,4219,4088,4539,4710,5470,5709,5485,5346,6398,6189,6738,5949,5815,NA,6749,8627,8897,8617,8484,8875,10428,11426,9497,10595,10176,9793,9623,10021,11784,6417,8570,5331,9762,7397,4782,5961,6670,4578,3445,3070,4267,3530,3882,4505,4877,3546,3788,2525,2400,2167,2857,4069,2641,NA,3080,3890,4565,3620,5051,5951,4929,6030,6367,7800,7390,7080,7935,6691,7525,7351,5365,6838,5060,3865,4975,4707,5883,4828,5983,7182,6763,6806,5289,5020,4529,5739,4228,4471,4495,3877,3245,3458,4028,6105,8764,6778,7722,8685,10305,10229,9596,8624,9952,9935,7747,8514,NA,7526,5995,7286,6014,6999,6014,8652,8176,8630,8940,7607,8500,10117,7215,6768,6765,5898,6484,7665,8603,6675,7316,9796,11281,8677,5491,7252,5478,5252,4715,4029,5659,4424,5562,4786,4137,3934,4299,5274,5732,4563,6689,6953,6451,5748,4599,5484,4072,4043,5175,5697,4673,4827,NA,5280,4707,6392,NA,NA,NA,5598,4931,5498,4396,4674,4184,6898,4833,4722,5835,6423,NA,4664,5129,4532,3416,4219,3037,3404,2931,6141,3730,3837,4056,4059,2801,4673,3546,7377,6488,5100,5570,5926,6008,6720,6033,7342,9514,6986,7542,6606,6234,7696,11460,9908,8877,12225,NA,1413,4940,7031,7391,12220,15080,NA,NA,NA,NA,NA,NA,5773,11570,12159,16379,15737,14306,18086,21435,15129,17131,9977,12374,12777,15371,11688,13156,14919,15688,16469,16594,13405,19434,15290,16043,15162,12297,14656,10306,10311,10945,8976,10394,10522,NA,10935,8078,8556,9560,NA,6533,5162,NA,7438,7787,6517,4977,4958,7193,NA,6809,6162,6759,8143,7589,8949,7106,6369,6113,5659,7507,5837,7739,7369,10243,10339,8965,NA,10243,10141,8775,4877,5999,6431,4958,3660,4569,5372,6728,4764,6894,7529,NA,4093,5482,10827,8749,9740,8206,NA,7079,5223,5569,6800,10245,11729,9936,14795,15525,14230,17909,NA,15174,14190,15580,12905,14172,13961,15389,12908,15600,NA,13703,14845,13772,13645,9671,7594,9060,9587,9742,7948,8768,6556,8377,8977,6456,7504,7061,8362,7591,5883,7229,9353,6715,7029,4677,5188,4724,5286,4719,5056,7378,9110,10086,15015,12771,13464,15134,15715,11400,9447,9196,9648,6739,8905,10978,10000,9864,11955,16576,NA,15334,11926,13821,10386,7244,8518,7281,7298,7339,6291,6686,5096,5972,5741,5457,5233,5537,5261,6915,8214,7816,7532,6948,8192,4356,6300,5320,7066,4878,NA,4225,7187,6459,5997,NA,5663,4261,5808,5563,5562,7185,6691,8639,9477,11458,12250,16628,19611,16158,20281,17966,16302,12126,12603,8037,8576,11986,14735,18093,12569,15903,10651,14997,18937,10285,12702,12991,15092,12500,15663,15416,21457,18911,23519,19458,22839,21073,14309,22062,20636,19891,25280,22204,24681,26235,27308,19813,20992,16164,18983,16533,16667,15075,14043,19054,NA,NA,NA,NA,NA,NA,3676,19653,16049,15221,18746,11038,14126,10776,11121,10427,9284,10359,9476,6735,9152,8721,7834,9906,12163,16635,14527,9526,14878,NA,NA,14251,16716,11241,16953,14781,14035,11765,13261,15026,13718,17620,12948,11516,11389,9619,NA,10491,10509,9543,14346,19248,21557,NA,26566,24357,27236,27468,29495,25687,18718,21652,16939,14924,15115,17793,25331,22557,30480,24498,17345,NA,17240,17229,14410,15417,13954,15845,16189,16095,13119,14238,11684,14110,10609,12427,12289,11071,10740,9399,10401,8818,9530,NA,9309,9497,8436,8338,NA,7369,8303,7575,6392,7680,6752,5353,7024,5263,6411,5342,5962,5600,4635,4749,4603,NA,6974,7637,9606,10440,12943,11581,13174,9712,7290,11844,10021,7916,7324,7018,6867,7741,7375,7354,7306,11565,7108,6321,8521,5640,12967,14663,13823,11168,NA,14831,9594,10054,8330,7888,11518,11544,10200,10442,10616,5877,6558,6270,5941,8398,9801,13531,13589,12263,13745,NA,8934,12185,11343,13584,17283,20818,24633,28019,30888,31720,29754,32090,27238,19307,16323,18501,14211,13750,10591,13334,NA,NA,NA,13631,10409,10838,9461,8116,7703,9134,10431,12867,13045,NA,NA,6372,8816,8532,NA,6974,9049,7613,9038,6483,9214,6677,8137,5994,5539,7502,5348,5471,5308,5217,5943,3933,5171,5238,4293,5094,5752,9221,16911,16435,14577,13110,10803,7745,5584,5520,7131,9295,13437,9040,8936,7742,10847,8467,7367,6047,7075,6543,9843,7938,5071,14387,33468,31746,18339,25436,30728,29896,35635,NA,25859,NA,NA,NA,NA,NA,6736,18094,22179,17578,18646,15279,12647,11627,8855,10385,6928,9067,7787,17409,17487,20477,23607,NA,12268,15218,18173,12308,11022,7954,11466,11570,12408,12775,9141,10929,8406,11461,10873,9447,8977,9426,9828,8264,8692,12518,17158,NA,21372,12760,12887,8967,10383,9395,9283,8167,8850,7118,10041,7549,15014,17375,11514,9635,7067,9088,9007,13891,12951,14065,13013,16389,NA,12314,8451,7982,10682,11319,12822,9355,14032,11760,7840,7855,4632,5181,5323,7200,8457,4446,8341,NA,3952,20059,20962,16187,11605,8680,9361,7974,7984,7405,16587,8744,5926,13170,10844,6638,8479,5451,8298,12359,16821,17723,17268,16487,NA,9941,10249,6347,7946,6982,6181,7765,6107,10547,6066,5922,5743,4621,6562,6430,7589,6219,5817,6792,16069,7764,8807,5060,4958,4991,7973,5980,4484,NA,9821,7528,4968,3390,4901,6926,3895,4774,2372,4504,9499,6594,8580,5290,9234,7864,12814,11027,5879,7088,NA,10052,9876,5307,8619,9803,14422,15791,3924,4246,22593,16147,11416,7747,15369,8351,9607,9369,4709,5287,4619,6255,7542,7176,11844,16874,9482,8821,6328,8474,7893,7285,6583,NA,NA,NA,NA,9038,8016,NA,18731,12040,12845,11836,20122,16282,19838,25991,25744,14788,17551,27268,18364,32918,21786,17690,17938,24368,14129,13312,21183,23353,15885,12552,17654,12593,13353,9705,11100,11785,8898,15039,9307,8586,13276,16786,22583,13288,25666
TAIWAN SE WEIGHED TAIEX - TURNOVER BY VOLUME,TAIWGHT(VO),TW,NA,201,227,200,216,301,325,267,231,218,289,220,208,185,230,NA,NA,NA,NA,NA,NA,251,227,220,287,265,318,280,317,306,210,257,278,243,261,243,266,222,244,261,338,303,274,277,306,202,254,284,203,235,163,203,230,237,256,314,314,317,252,289,NA,311,309,360,365,NA,337,334,398,374,329,380,417,402,354,302,384,387,330,310,382,347,335,375,329,298,298,287,264,262,270,245,254,261,200,180,175,234,222,222,252,299,264,291,242,NA,232,216,220,287,213,198,168,187,230,225,270,194,212,191,158,144,187,159,143,184,181,NA,160,146,111,120,133,168,253,351,268,329,276,263,221,191,169,153,228,291,231,291,212,240,174,248,273,220,260,249,260,301,329,304,291,330,488,389,477,299,389,426,407,384,381,397,491,533,424,402,488,438,354,296,451,478,490,426,391,557,426,426,347,197,NA,537,467,160,511,318,467,NA,421,302,184,256,201,131,332,461,51,280,349,60,NA,21,252,141,199,305,180,371,253,154,22,24,113,NA,286,215,223,316,302,381,250,318,168,491,417,339,388,341,152,56,234,286,206,269,216,309,298,163,334,316,155,247,12,121,NA,51,240,NA,NA,NA,NA,223,191,241,291,164,219,243,150,188,221,329,341,425,354,382,369,418,360,335,274,298,320,323,311,439,378,284,361,366,NA,NA,NA,NA,NA,294,413,421,411,371,321,372,345,305,283,145,206,232,275,241,198,174,196,277,277,365,310,338,299,292,178,NA,153,195,153,NA,251,228,324,314,291,313,276,272,381,260,428,507,400,387,435,346,384,525,428,407,456,450,436,384,389,408,351,406,343,459,565,504,207,377,144,381,282,260,278,249,274,279,381,470,347,497,397,403,422,299,285,280,416,409,334,322,315,433,304,206,172,271,255,NA,228,216,207,252,223,183,192,217,263,270,394,403,248,268,323,266,328,234,268,286,484,365,307,440,528,461,452,556,435,383,445,398,168,204,699,492,579,535,497,441,539,412,366,491,518,356,624,566,765,681,482,419,576,540,570,525,585,786,577,347,NA,NA,NA,4,4,126,468,154,10,3,NA,19,17,13,12,93,57,26,24,350,138,NA,699,624,575,NA,508,340,591,453,598,562,699,664,631,632,786,937,809,869,842,869,949,761,650,700,638,614,607,485,440,295,617,444,510,544,436,299,404,387,476,473,220,511,521,NA,664,449,494,NA,NA,NA,NA,71,241,276,328,429,500,572,570,517,485,521,382,235,230,208,240,332,398,577,498,NA,NA,NA,NA,NA,NA,352,605,514,621,605,678,792,660,607,551,724,601,817,854,922,959,779,743,813,875,646,871,846,702,774,648,633,540,680,664,878,1116,783,NA,808,712,665,692,NA,865,956,883,1104,1035,948,1052,870,1028,1267,1023,876,1051,1103,840,843,874,472,1009,1113,1067,1004,1062,1257,1086,1075,1037,997,1038,1118,1291,1137,1073,1222,1041,1014,1086,811,1009,854,864,766,531,30,762,NA,754,823,783,782,836,762,885,1003,906,912,1027,393,776,644,743,608,419,516,474,505,473,576,472,578,671,548,639,897,931,1003,899,703,651,631,741,894,1119,1212,1086,1118,1041,1017,1176,1188,1051,800,873,879,1039,1182,1101,1174,940,1137,918,1102,1628,1282,1114,856,923,880,783,783,847,1057,1086,NA,997,NA,1185,1082,1021,1061,1060,1086,1191,1201,1048,NA,993,713,792,794,765,701,912,NA,1030,1057,973,871,854,925,833,1045,635,838,NA,1142,1159,1308,NA,1422,1147,1028,916,901,820,886,1015,NA,1288,1144,1135,1145,997,1123,987,836,830,725,678,878,1075,1016,614,899,640,766,950,815,791,1143,1325,1077,1015,1116,891,918,868,NA,1105,1060,1431,NA,NA,NA,NA,1134,1248,1147,1196,978,854,1075,1175,1296,984,821,1221,1077,1755,NA,NA,NA,NA,NA,1065,954,1232,1515,1516,1112,940,1215,1626,1395,1184,1258,1102,1194,1323,1598,1810,1317,1145,1365,1365,1622,1218,1380,1435,1381,997,1036,1623,1549,1331,1353,1894,1049,1090,1183,1177,1072,994,945,939,NA,906,1333,1246,1112,NA,1106,1107,1056,986,1071,1239,1013,1055,1014,1070,1328,1337,1502,1549,1374,1579,1236,1180,1140,1311,1069,1148,919,1016,1092,1032,775,963,1618,1302,997,962,900,1193,970,437,NA,1320,1574,1668,2120,1691,1621,1692,1151,1163,956,1271,1505,1208,984,970,1019,657,853,1002,929,1065,888,NA,988,NA,794,848,760,908,1218,1470,1429,821,1099,710,826,837,1060,1544,1788,1247,1524,1337,1363,1604,1572,1506,1682,1321,810,384,847,670,697,692,823,1225,1164,432,773,722,736,600,619,850,485,1309,NA,1127,1023,983,789,667,NA,751,684,636,681,972,552,561,528,570,804,400,469,552,666,NA,465,554,NA,463,731,843,957,NA,439,666,588,716,775,977,1220,1521,1949,1630,NA,1995,1001,1514,NA,844,967,967,2102,1531,1613,1263,NA,1178,1913,1756,1570,2219,1911,1950,1937,1444,1641,1579,1374,1335,1542,1873
#ERROR,,,"$$ER: E100,INVALID CODE OR EXPRESSION ENTERED",,,,,,,,,,,,,,,,,,,,,,,,,,,,,,,,,,,,,,,,,,,,,,,,,,,,,,,,,,,,,,,,,,,,,,,,,,,,,,,,,,,,,,,,,,,,,,,,,,,,,,,,,,,,,,,,,,,,,,,,,,,,,,,,,,,,,,,,,,,,,,,,,,,,,,,,,,,,,,,,,,,,,,,,,,,,,,,,,,,,,,,,,,,,,,,,,,,,,,,,,,,,,,,,,,,,,,,,,,,,,,,,,,,,,,,,,,,,,,,,,,,,,,,,,,,,,,,,,,,,,,,,,,,,,,,,,,,,,,,,,,,,,,,,,,,,,,,,,,,,,,,,,,,,,,,,,,,,,,,,,,,,,,,,,,,,,,,,,,,,,,,,,,,,,,,,,,,,,,,,,,,,,,,,,,,,,,,,,,,,,,,,,,,,,,,,,,,,,,,,,,,,,,,,,,,,,,,,,,,,,,,,,,,,,,,,,,,,,,,,,,,,,,,,,,,,,,,,,,,,,,,,,,,,,,,,,,,,,,,,,,,,,,,,,,,,,,,,,,,,,,,,,,,,,,,,,,,,,,,,,,,,,,,,,,,,,,,,,,,,,,,,,,,,,,,,,,,,,,,,,,,,,,,,,,,,,,,,,,,,,,,,,,,,,,,,,,,,,,,,,,,,,,,,,,,,,,,,,,,,,,,,,,,,,,,,,,,,,,,,,,,,,,,,,,,,,,,,,,,,,,,,,,,,,,,,,,,,,,,,,,,,,,,,,,,,,,,,,,,,,,,,,,,,,,,,,,,,,,,,,,,,,,,,,,,,,,,,,,,,,,,,,,,,,,,,,,,,,,,,,,,,,,,,,,,,,,,,,,,,,,,,,,,,,,,,,,,,,,,,,,,,,,,,,,,,,,,,,,,,,,,,,,,,,,,,,,,,,,,,,,,,,,,,,,,,,,,,,,,,,,,,,,,,,,,,,,,,,,,,,,,,,,,,,,,,,,,,,,,,,,,,,,,,,,,,,,,,,,,,,,,,,,,,,,,,,,,,,,,,,,,,,,,,,,,,,,,,,,,,,,,,,,,,,,,,,,,,,,,,,,,,,,,,,,,,,,,,,,,,,,,,,,,,,,,,,,,,,,,,
FTSE/JSE ALL SHARE - TURNOVER BY VOLUME,JSEOVER(VO),R,NA,NA,NA,NA,NA,NA,NA,NA,NA,NA,NA,NA,NA,NA,NA,NA,NA,NA,NA,NA,NA,NA,NA,NA,NA,NA,NA,NA,NA,NA,NA,NA,NA,NA,NA,NA,NA,NA,NA,NA,NA,NA,NA,NA,NA,NA,NA,NA,NA,NA,NA,NA,NA,NA,NA,NA,NA,NA,NA,NA,NA,NA,NA,NA,NA,NA,NA,NA,NA,NA,NA,NA,NA,NA,NA,NA,NA,NA,NA,NA,NA,NA,NA,NA,NA,NA,NA,NA,NA,NA,NA,NA,NA,NA,NA,NA,NA,NA,NA,NA,NA,NA,NA,NA,NA,NA,NA,NA,NA,NA,NA,NA,NA,NA,NA,NA,NA,NA,NA,NA,NA,NA,NA,NA,NA,NA,NA,NA,NA,NA,NA,NA,NA,NA,NA,NA,NA,NA,NA,NA,NA,NA,NA,NA,NA,NA,NA,NA,NA,NA,NA,NA,NA,NA,NA,NA,NA,NA,NA,NA,NA,NA,NA,NA,NA,NA,NA,NA,NA,NA,NA,NA,NA,NA,NA,NA,NA,NA,NA,NA,NA,NA,NA,NA,NA,NA,NA,NA,NA,NA,NA,NA,NA,NA,NA,NA,NA,NA,NA,NA,NA,NA,NA,NA,NA,NA,NA,NA,NA,NA,NA,NA,NA,NA,NA,NA,NA,NA,NA,NA,NA,NA,NA,NA,NA,NA,NA,NA,NA,NA,NA,NA,NA,NA,NA,NA,NA,NA,NA,NA,NA,NA,NA,NA,NA,NA,NA,NA,NA,NA,NA,NA,NA,NA,NA,NA,NA,NA,NA,NA,NA,NA,NA,NA,NA,NA,NA,NA,NA,NA,NA,NA,NA,NA,NA,NA,NA,NA,NA,NA,NA,NA,NA,NA,NA,NA,NA,NA,NA,NA,NA,NA,NA,NA,NA,NA,NA,NA,NA,NA,NA,NA,NA,NA,NA,NA,NA,NA,NA,NA,NA,NA,NA,NA,NA,NA,NA,NA,NA,NA,NA,NA,NA,NA,NA,NA,NA,NA,NA,NA,NA,NA,NA,NA,NA,NA,NA,NA,NA,NA,NA,NA,NA,NA,NA,NA,NA,NA,NA,NA,NA,NA,NA,NA,NA,NA,NA,NA,NA,NA,NA,NA,NA,NA,NA,NA,NA,NA,NA,NA,NA,NA,NA,NA,NA,NA,NA,NA,NA,NA,NA,NA,NA,NA,NA,NA,NA,NA,NA,NA,NA,NA,NA,NA,NA,NA,NA,NA,NA,NA,NA,NA,NA,NA,NA,NA,NA,NA,NA,NA,NA,NA,NA,NA,NA,NA,NA,NA,NA,NA,NA,NA,NA,NA,NA,NA,NA,NA,NA,NA,NA,NA,NA,NA,NA,NA,NA,NA,NA,NA,NA,NA,NA,NA,NA,NA,NA,NA,NA,NA,NA,NA,NA,NA,NA,NA,NA,NA,NA,NA,NA,NA,NA,NA,NA,NA,NA,NA,NA,NA,NA,NA,NA,NA,NA,NA,NA,NA,NA,NA,NA,NA,NA,NA,NA,NA,NA,NA,NA,NA,NA,NA,NA,NA,NA,NA,NA,NA,NA,NA,NA,NA,NA,NA,NA,NA,NA,NA,NA,NA,NA,NA,NA,NA,NA,NA,NA,NA,NA,NA,NA,NA,NA,NA,NA,NA,NA,NA,NA,NA,NA,NA,NA,NA,NA,NA,NA,NA,NA,NA,NA,NA,NA,NA,NA,NA,NA,NA,NA,NA,NA,NA,NA,NA,NA,NA,NA,NA,NA,NA,NA,NA,NA,NA,NA,NA,NA,NA,NA,NA,NA,NA,NA,NA,NA,NA,NA,NA,NA,NA,NA,NA,NA,NA,NA,NA,NA,NA,NA,NA,NA,NA,NA,NA,NA,NA,NA,NA,NA,NA,NA,NA,NA,NA,NA,NA,NA,NA,NA,NA,NA,NA,NA,NA,NA,NA,NA,NA,NA,NA,NA,NA,NA,NA,NA,NA,NA,NA,NA,NA,NA,NA,NA,NA,NA,NA,NA,NA,NA,NA,NA,NA,NA,NA,NA,NA,NA,NA,NA,NA,NA,NA,NA,NA,NA,NA,NA,NA,NA,NA,NA,NA,NA,NA,NA,NA,NA,NA,NA,NA,NA,NA,NA,NA,NA,NA,NA,NA,NA,NA,NA,NA,NA,NA,NA,NA,NA,NA,NA,NA,NA,NA,NA,NA,NA,NA,NA,NA,NA,NA,NA,NA,NA,NA,NA,NA,NA,NA,NA,NA,NA,NA,NA,NA,NA,NA,NA,NA,NA,NA,NA,NA,NA,NA,NA,NA,NA,NA,NA,NA,NA,NA,NA,NA,NA,NA,NA,NA,NA,NA,NA,NA,NA,NA,NA,NA,NA,NA,NA,NA,NA,NA,NA,NA,NA,NA,NA,NA,NA,NA,NA,NA,NA,NA,NA,NA,NA,NA,NA,NA,NA,NA,NA,NA,NA,NA,NA,NA,NA,NA,NA,NA,NA,NA,NA,NA,NA,NA,NA,NA,NA,NA,NA,NA,NA,NA,NA,NA,NA,NA,NA,NA,NA,NA,NA,NA,NA,NA,NA,NA,NA,NA,NA,NA,NA,NA,NA,NA,NA,NA,NA,NA,NA,NA,NA,NA,NA,NA,NA,NA,NA,NA,NA,NA,NA,NA,NA,NA,NA,NA,NA,NA,NA,NA,NA,NA,NA,NA,NA,NA,NA,NA,NA,NA,NA,NA,NA,NA,NA,NA,NA,NA,NA,NA,NA,NA,NA,NA,NA,NA,NA,NA,NA,NA,NA,NA,NA,NA,NA,NA,NA,NA,NA,NA,NA,NA,NA,NA,NA,NA,NA,NA,NA,NA,NA,NA,NA,NA,NA,NA,NA,NA,NA,NA,NA,NA,NA,NA,NA,NA,NA,NA,NA,NA,NA,NA,NA,NA,NA,NA,NA,NA,NA,NA,NA,NA,NA,NA,NA,NA,NA,NA,NA,NA,NA,NA,NA,NA,NA,NA,NA,NA,NA,NA,NA,NA,NA,NA,NA,NA,NA,NA,NA,NA,NA,NA,NA,NA,NA,NA,NA,NA,NA,NA,NA,NA,NA,NA,NA,NA,NA,NA,NA,NA,NA,NA,NA,NA,NA,NA,NA,NA,NA,NA,NA,NA,NA,NA,NA,NA,NA,NA,NA,NA,NA,NA,NA,NA,NA,NA,NA,NA,NA,NA,NA,NA,NA,NA,NA,NA,NA,NA,NA,NA,NA,NA,NA,NA,NA,NA,NA
#ERROR,,,"$$ER: E100,INVALID CODE OR EXPRESSION ENTERED",,,,,,,,,,,,,,,,,,,,,,,,,,,,,,,,,,,,,,,,,,,,,,,,,,,,,,,,,,,,,,,,,,,,,,,,,,,,,,,,,,,,,,,,,,,,,,,,,,,,,,,,,,,,,,,,,,,,,,,,,,,,,,,,,,,,,,,,,,,,,,,,,,,,,,,,,,,,,,,,,,,,,,,,,,,,,,,,,,,,,,,,,,,,,,,,,,,,,,,,,,,,,,,,,,,,,,,,,,,,,,,,,,,,,,,,,,,,,,,,,,,,,,,,,,,,,,,,,,,,,,,,,,,,,,,,,,,,,,,,,,,,,,,,,,,,,,,,,,,,,,,,,,,,,,,,,,,,,,,,,,,,,,,,,,,,,,,,,,,,,,,,,,,,,,,,,,,,,,,,,,,,,,,,,,,,,,,,,,,,,,,,,,,,,,,,,,,,,,,,,,,,,,,,,,,,,,,,,,,,,,,,,,,,,,,,,,,,,,,,,,,,,,,,,,,,,,,,,,,,,,,,,,,,,,,,,,,,,,,,,,,,,,,,,,,,,,,,,,,,,,,,,,,,,,,,,,,,,,,,,,,,,,,,,,,,,,,,,,,,,,,,,,,,,,,,,,,,,,,,,,,,,,,,,,,,,,,,,,,,,,,,,,,,,,,,,,,,,,,,,,,,,,,,,,,,,,,,,,,,,,,,,,,,,,,,,,,,,,,,,,,,,,,,,,,,,,,,,,,,,,,,,,,,,,,,,,,,,,,,,,,,,,,,,,,,,,,,,,,,,,,,,,,,,,,,,,,,,,,,,,,,,,,,,,,,,,,,,,,,,,,,,,,,,,,,,,,,,,,,,,,,,,,,,,,,,,,,,,,,,,,,,,,,,,,,,,,,,,,,,,,,,,,,,,,,,,,,,,,,,,,,,,,,,,,,,,,,,,,,,,,,,,,,,,,,,,,,,,,,,,,,,,,,,,,,,,,,,,,,,,,,,,,,,,,,,,,,,,,,,,,,,,,,,,,,,,,,,,,,,,,,,,,,,,,,,,,,,,,,,,,,,,,,,,,,,,,,,,,,,,,,,,,,,,,,,,,,,,,,,,,,,,,,,,,,,,,,,,,,,,,,,,,,,,,,,,,,,,,,
#ERROR,,,"$$ER: E100,INVALID CODE OR EXPRESSION ENTERED",,,,,,,,,,,,,,,,,,,,,,,,,,,,,,,,,,,,,,,,,,,,,,,,,,,,,,,,,,,,,,,,,,,,,,,,,,,,,,,,,,,,,,,,,,,,,,,,,,,,,,,,,,,,,,,,,,,,,,,,,,,,,,,,,,,,,,,,,,,,,,,,,,,,,,,,,,,,,,,,,,,,,,,,,,,,,,,,,,,,,,,,,,,,,,,,,,,,,,,,,,,,,,,,,,,,,,,,,,,,,,,,,,,,,,,,,,,,,,,,,,,,,,,,,,,,,,,,,,,,,,,,,,,,,,,,,,,,,,,,,,,,,,,,,,,,,,,,,,,,,,,,,,,,,,,,,,,,,,,,,,,,,,,,,,,,,,,,,,,,,,,,,,,,,,,,,,,,,,,,,,,,,,,,,,,,,,,,,,,,,,,,,,,,,,,,,,,,,,,,,,,,,,,,,,,,,,,,,,,,,,,,,,,,,,,,,,,,,,,,,,,,,,,,,,,,,,,,,,,,,,,,,,,,,,,,,,,,,,,,,,,,,,,,,,,,,,,,,,,,,,,,,,,,,,,,,,,,,,,,,,,,,,,,,,,,,,,,,,,,,,,,,,,,,,,,,,,,,,,,,,,,,,,,,,,,,,,,,,,,,,,,,,,,,,,,,,,,,,,,,,,,,,,,,,,,,,,,,,,,,,,,,,,,,,,,,,,,,,,,,,,,,,,,,,,,,,,,,,,,,,,,,,,,,,,,,,,,,,,,,,,,,,,,,,,,,,,,,,,,,,,,,,,,,,,,,,,,,,,,,,,,,,,,,,,,,,,,,,,,,,,,,,,,,,,,,,,,,,,,,,,,,,,,,,,,,,,,,,,,,,,,,,,,,,,,,,,,,,,,,,,,,,,,,,,,,,,,,,,,,,,,,,,,,,,,,,,,,,,,,,,,,,,,,,,,,,,,,,,,,,,,,,,,,,,,,,,,,,,,,,,,,,,,,,,,,,,,,,,,,,,,,,,,,,,,,,,,,,,,,,,,,,,,,,,,,,,,,,,,,,,,,,,,,,,,,,,,,,,,,,,,,,,,,,,,,,,,,,,,,,,,,,,,,,,,,,,,,,,,,,,,,,,,,,,,,,,,,,,,
#ERROR,,,"$$ER: E100,INVALID CODE OR EXPRESSION ENTERED",,,,,,,,,,,,,,,,,,,,,,,,,,,,,,,,,,,,,,,,,,,,,,,,,,,,,,,,,,,,,,,,,,,,,,,,,,,,,,,,,,,,,,,,,,,,,,,,,,,,,,,,,,,,,,,,,,,,,,,,,,,,,,,,,,,,,,,,,,,,,,,,,,,,,,,,,,,,,,,,,,,,,,,,,,,,,,,,,,,,,,,,,,,,,,,,,,,,,,,,,,,,,,,,,,,,,,,,,,,,,,,,,,,,,,,,,,,,,,,,,,,,,,,,,,,,,,,,,,,,,,,,,,,,,,,,,,,,,,,,,,,,,,,,,,,,,,,,,,,,,,,,,,,,,,,,,,,,,,,,,,,,,,,,,,,,,,,,,,,,,,,,,,,,,,,,,,,,,,,,,,,,,,,,,,,,,,,,,,,,,,,,,,,,,,,,,,,,,,,,,,,,,,,,,,,,,,,,,,,,,,,,,,,,,,,,,,,,,,,,,,,,,,,,,,,,,,,,,,,,,,,,,,,,,,,,,,,,,,,,,,,,,,,,,,,,,,,,,,,,,,,,,,,,,,,,,,,,,,,,,,,,,,,,,,,,,,,,,,,,,,,,,,,,,,,,,,,,,,,,,,,,,,,,,,,,,,,,,,,,,,,,,,,,,,,,,,,,,,,,,,,,,,,,,,,,,,,,,,,,,,,,,,,,,,,,,,,,,,,,,,,,,,,,,,,,,,,,,,,,,,,,,,,,,,,,,,,,,,,,,,,,,,,,,,,,,,,,,,,,,,,,,,,,,,,,,,,,,,,,,,,,,,,,,,,,,,,,,,,,,,,,,,,,,,,,,,,,,,,,,,,,,,,,,,,,,,,,,,,,,,,,,,,,,,,,,,,,,,,,,,,,,,,,,,,,,,,,,,,,,,,,,,,,,,,,,,,,,,,,,,,,,,,,,,,,,,,,,,,,,,,,,,,,,,,,,,,,,,,,,,,,,,,,,,,,,,,,,,,,,,,,,,,,,,,,,,,,,,,,,,,,,,,,,,,,,,,,,,,,,,,,,,,,,,,,,,,,,,,,,,,,,,,,,,,,,,,,,,,,,,,,,,,,,,,,,,,,,,,,,,,,,,,,,,,,,,,,,,,,
#ERROR,,,"$$ER: E100,INVALID CODE OR EXPRESSION ENTERED",,,,,,,,,,,,,,,,,,,,,,,,,,,,,,,,,,,,,,,,,,,,,,,,,,,,,,,,,,,,,,,,,,,,,,,,,,,,,,,,,,,,,,,,,,,,,,,,,,,,,,,,,,,,,,,,,,,,,,,,,,,,,,,,,,,,,,,,,,,,,,,,,,,,,,,,,,,,,,,,,,,,,,,,,,,,,,,,,,,,,,,,,,,,,,,,,,,,,,,,,,,,,,,,,,,,,,,,,,,,,,,,,,,,,,,,,,,,,,,,,,,,,,,,,,,,,,,,,,,,,,,,,,,,,,,,,,,,,,,,,,,,,,,,,,,,,,,,,,,,,,,,,,,,,,,,,,,,,,,,,,,,,,,,,,,,,,,,,,,,,,,,,,,,,,,,,,,,,,,,,,,,,,,,,,,,,,,,,,,,,,,,,,,,,,,,,,,,,,,,,,,,,,,,,,,,,,,,,,,,,,,,,,,,,,,,,,,,,,,,,,,,,,,,,,,,,,,,,,,,,,,,,,,,,,,,,,,,,,,,,,,,,,,,,,,,,,,,,,,,,,,,,,,,,,,,,,,,,,,,,,,,,,,,,,,,,,,,,,,,,,,,,,,,,,,,,,,,,,,,,,,,,,,,,,,,,,,,,,,,,,,,,,,,,,,,,,,,,,,,,,,,,,,,,,,,,,,,,,,,,,,,,,,,,,,,,,,,,,,,,,,,,,,,,,,,,,,,,,,,,,,,,,,,,,,,,,,,,,,,,,,,,,,,,,,,,,,,,,,,,,,,,,,,,,,,,,,,,,,,,,,,,,,,,,,,,,,,,,,,,,,,,,,,,,,,,,,,,,,,,,,,,,,,,,,,,,,,,,,,,,,,,,,,,,,,,,,,,,,,,,,,,,,,,,,,,,,,,,,,,,,,,,,,,,,,,,,,,,,,,,,,,,,,,,,,,,,,,,,,,,,,,,,,,,,,,,,,,,,,,,,,,,,,,,,,,,,,,,,,,,,,,,,,,,,,,,,,,,,,,,,,,,,,,,,,,,,,,,,,,,,,,,,,,,,,,,,,,,,,,,,,,,,,,,,,,,,,,,,,,,,,,,,,,,,,,,,,,,,,,,,,,,,,,,,,,,,,,,,,
#ERROR,,,"$$ER: E100,INVALID CODE OR EXPRESSION ENTERED",,,,,,,,,,,,,,,,,,,,,,,,,,,,,,,,,,,,,,,,,,,,,,,,,,,,,,,,,,,,,,,,,,,,,,,,,,,,,,,,,,,,,,,,,,,,,,,,,,,,,,,,,,,,,,,,,,,,,,,,,,,,,,,,,,,,,,,,,,,,,,,,,,,,,,,,,,,,,,,,,,,,,,,,,,,,,,,,,,,,,,,,,,,,,,,,,,,,,,,,,,,,,,,,,,,,,,,,,,,,,,,,,,,,,,,,,,,,,,,,,,,,,,,,,,,,,,,,,,,,,,,,,,,,,,,,,,,,,,,,,,,,,,,,,,,,,,,,,,,,,,,,,,,,,,,,,,,,,,,,,,,,,,,,,,,,,,,,,,,,,,,,,,,,,,,,,,,,,,,,,,,,,,,,,,,,,,,,,,,,,,,,,,,,,,,,,,,,,,,,,,,,,,,,,,,,,,,,,,,,,,,,,,,,,,,,,,,,,,,,,,,,,,,,,,,,,,,,,,,,,,,,,,,,,,,,,,,,,,,,,,,,,,,,,,,,,,,,,,,,,,,,,,,,,,,,,,,,,,,,,,,,,,,,,,,,,,,,,,,,,,,,,,,,,,,,,,,,,,,,,,,,,,,,,,,,,,,,,,,,,,,,,,,,,,,,,,,,,,,,,,,,,,,,,,,,,,,,,,,,,,,,,,,,,,,,,,,,,,,,,,,,,,,,,,,,,,,,,,,,,,,,,,,,,,,,,,,,,,,,,,,,,,,,,,,,,,,,,,,,,,,,,,,,,,,,,,,,,,,,,,,,,,,,,,,,,,,,,,,,,,,,,,,,,,,,,,,,,,,,,,,,,,,,,,,,,,,,,,,,,,,,,,,,,,,,,,,,,,,,,,,,,,,,,,,,,,,,,,,,,,,,,,,,,,,,,,,,,,,,,,,,,,,,,,,,,,,,,,,,,,,,,,,,,,,,,,,,,,,,,,,,,,,,,,,,,,,,,,,,,,,,,,,,,,,,,,,,,,,,,,,,,,,,,,,,,,,,,,,,,,,,,,,,,,,,,,,,,,,,,,,,,,,,,,,,,,,,,,,,,,,,,,,,,,,,,,,,,,,,,,,,,,,,,,,,,,,,,,,,
S&P/TSX COMPOSITE INDEX - TURNOVER BY VOLUME,TTOCOMP(VO),C$,7336,13834,14439,14767,17173,15459,18253,19052,18804,16234,14051,14592,13809,19476,21896,11361,16289,20281,17298,15815,14366,16427,22868,33828,26087,16502,19775,15256,19233,15517,10980,22027,18484,16563,15653,13952,12877,18073,18187,14392,11736,13803,18849,24506,16755,12440,14828,18035,18259,19501,12045,17219,26599,20518,19204,13915,17540,17237,14529,17821,19096,13580,11277,16230,19044,18980,18007,18032,25153,19266,20451,28450,22394,15202,NA,11724,17644,17605,20135,19068,15937,15753,13616,14023,14882,11118,18950,14932,18798,17429,14834,17065,17342,16225,20125,NA,13360,15784,12397,12032,6744,11409,10231,12264,8349,8430,16526,10602,11427,11355,8180,10270,14641,11714,13319,10620,10849,14425,9221,10678,10206,12587,10417,10319,9043,10506,11840,NA,15634,8911,14748,22512,27354,20611,12234,12236,13373,16262,20897,17572,13705,15745,15976,13763,10343,8288,13469,16472,14863,17476,NA,15388,14979,12490,12300,11856,19375,16524,16555,12578,8794,13314,12971,13648,13419,11651,13606,13000,13039,14062,11403,15773,16255,11738,7979,NA,11996,12074,13300,11886,12562,10209,9192,12322,10716,10495,13599,13036,12717,10495,12453,14320,15303,13465,16957,22245,20691,18946,17396,15165,NA,13302,14836,14621,22342,39519,46793,38307,33597,21755,24388,21150,19728,16432,20884,11520,13895,9945,14843,11202,14578,17495,10879,14212,12845,12050,10910,13909,14705,14411,12235,14383,16645,9481,16482,17728,12019,17694,12970,16159,9842,13806,14693,16130,10936,19904,21807,17062,15899,17269,12703,15393,13126,3964,NA,3618,5392,5294,4817,NA,10191,17537,16296,13492,15404,11779,12057,9706,10008,16610,8330,10243,11446,13477,9795,13027,12329,13080,15287,12934,13562,13829,32339,18237,12590,8664,10844,11957,14181,13565,9680,16163,14601,10901,9614,22455,11253,11381,16604,10698,11806,14928,12489,12572,16046,9965,14724,19330,22201,16725,9589,9440,9924,9344,13503,9475,10736,15862,14742,15302,10370,13424,21580,15773,NA,7915,11188,14975,18612,17895,11139,17885,12654,18023,18888,12591,26085,14383,15667,9995,11385,11524,11808,11223,12075,8522,12148,14537,17651,13895,9838,15972,17663,12821,12570,11729,13977,14678,13221,10159,NA,8518,10457,9756,10195,5026,14656,17921,21012,14275,16138,16584,15230,17503,14909,9808,18647,15167,28982,20857,16426,17439,25284,19423,17021,13307,12144,16465,14419,NA,7297,14560,19903,13728,19223,10842,13663,10914,14477,15725,10616,11510,10120,10540,12163,10364,7589,9660,14128,10008,NA,13332,10485,10030,11739,18937,19504,16234,10554,11995,10859,17500,9728,13211,9843,10643,13926,11781,12399,9187,9678,9599,14404,11267,9619,NA,9706,12172,15404,14259,8960,8695,12892,11696,10517,7554,9003,10845,17296,8886,6679,7775,8955,8679,13107,8750,12213,14368,15988,23091,NA,11069,17752,11467,12915,9970,11774,14898,9357,11578,11909,15056,11675,10672,13297,12353,11881,13743,10799,12133,18152,14221,12822,14496,7839,8151,14181,11549,10838,9442,11306,17041,11632,6630,11116,10063,10061,11130,10043,9384,8789,11091,9575,9970,10986,9428,16776,18394,40837,21393,12371,18296,17805,10749,4761,NA,4469,4812,6883,8796,NA,9311,13664,16386,18465,15469,20140,17614,28071,15490,12868,14144,18942,22679,26510,17908,15983,13569,23639,31817,16405,17429,20464,16179,18055,12281,16599,18444,16556,15831,12690,13340,10717,14072,10371,5226,14860,18030,14130,13871,11147,11774,15150,15081,17398,12127,19164,14703,15381,14505,11264,13164,10856,13196,15452,13842,9239,14193,10606,NA,5690,10910,12237,10210,10223,9187,11459,13969,12945,11865,8055,12358,13395,13987,14052,13324,24105,17556,18266,14825,11995,13132,10938,32498,23257,7720,13574,12010,13067,12256,13112,10396,12856,15393,19176,14844,13732,17753,15836,17290,NA,15388,15294,18250,12177,5957,14913,17293,15419,22229,13501,20878,22977,24656,15386,14406,13696,19569,16725,13200,9640,14079,16322,21812,17492,11595,14410,13718,16327,13908,NA,6733,16272,16810,15645,9683,15615,23256,16106,15260,11639,17212,19052,19629,15498,11835,20165,18725,20572,18978,19209,20081,24042,21063,18882,NA,21365,19724,23845,23721,20586,20895,12390,17442,20193,18110,15800,15342,15939,19349,9299,21584,22144,14736,11755,NA,11376,19375,11307,17164,14087,15346,19834,18850,18668,9580,13752,17280,19059,18931,13765,17037,15022,20251,19381,13196,21236,21856,15837,17555,NA,13932,15958,16767,25437,32631,18177,18907,16851,17517,11905,19346,11845,14614,18237,13098,19699,12200,30625,21487,14711,18202,21185,15634,13379,14322,15149,20454,15273,15784,15004,26355,19414,10142,14116,17407,16915,15903,14701,12654,10829,14040,15711,18253,15691,17962,24940,20175,14444,19189,15700,19357,15701,9934,7996,NA,NA,11402,5532,9001,NA,7941,15100,13019,17336,12362,15227,21357,23223,31269,14625,20704,22164,16803,21051,17387,20246,35002,18519,20882,11790,19482,17954,22548,15414,14299,16737,22687,19016,14554,10807,15625,11887,16128,14832,7655,14786,18950,16217,12339,13173,12326,15562,14523,13348,10625,13714,14011,12863,10633,8423,10047,13636,14989,15989,12702,13305,11751,13689,11464,14234,11216,10868,10672,16074,8657,12566,16366,11086,10961,8256,11699,12825,8865,NA,7111,12956,17458,19756,22687,15235,14112,12281,11983,8444,10792,10813,14575,12626,16318,15475,12124,19344,20700,18137,15101,10907,13582,13201,13144,NA,19577,15975,12667,8925,5004,11902,18713,18039,18142,21397,23713,16928,18253,12488,9150,12334,13797,24731,10411,11940,10466,11323,10957,12415,9740,10564,13779,11213,13525,NA,12778,6075,12081,11415,10791,13674,12227,12459,16659,11300,12495,10418,8057,9819,12521,11329,13181,10928,7816,8144,16738,14202,25741,19152,NA,17387,12499,11400,16135,13897,15829,12974,12321,17483,16365,21924,17235,28281,16141,11900,13395,10009,9527,10633,NA,8620,15008,13036,13237,13653,15299,11341,13740,9559,12709,10657,9844,12333,15470,16745,13331,14430,12999,14255,12511,15882,10328,10824,10839,NA,10994,17724,16957,13046,11491,15455,14139,53246,17338,9822,11261,11820,11394,8914,7637,10239,12264,9202,13329,9575,12751,13208,23561,10775,15202,15700,13943,12341,17302,10445,13457,14067,7636,9231,10542,12444,12676,19461,13245,9440
HANG SENG - TURNOVER BY VOLUME,HNGKNGI(VO),K$,NA,NA,NA,NA,NA,NA,NA,NA,NA,NA,NA,NA,NA,NA,NA,NA,NA,NA,NA,NA,NA,NA,NA,NA,NA,NA,NA,NA,NA,NA,NA,NA,NA,NA,NA,NA,NA,NA,NA,NA,NA,NA,NA,NA,NA,NA,NA,NA,NA,NA,NA,NA,NA,NA,NA,NA,NA,NA,NA,NA,NA,NA,NA,NA,NA,NA,NA,NA,NA,NA,NA,NA,NA,NA,NA,NA,NA,NA,NA,NA,NA,NA,NA,NA,NA,NA,NA,NA,NA,NA,NA,NA,NA,NA,NA,NA,NA,NA,NA,NA,NA,NA,NA,NA,NA,NA,NA,NA,NA,NA,NA,NA,NA,NA,NA,NA,NA,NA,NA,NA,NA,NA,NA,NA,NA,NA,NA,NA,NA,NA,NA,NA,NA,NA,NA,NA,NA,NA,NA,NA,NA,NA,NA,NA,NA,NA,NA,NA,NA,NA,NA,NA,NA,NA,NA,NA,NA,NA,NA,NA,NA,NA,NA,NA,NA,NA,NA,NA,NA,NA,NA,NA,NA,NA,NA,NA,NA,NA,NA,NA,NA,NA,NA,NA,NA,NA,NA,NA,NA,NA,NA,NA,NA,NA,NA,NA,NA,NA,NA,NA,NA,NA,NA,NA,NA,NA,NA,NA,NA,NA,NA,NA,NA,NA,NA,NA,NA,NA,NA,NA,NA,NA,NA,NA,NA,NA,NA,NA,NA,NA,NA,NA,NA,NA,NA,NA,NA,NA,NA,NA,NA,NA,NA,NA,NA,NA,NA,NA,NA,NA,NA,NA,NA,NA,NA,NA,NA,NA,NA,NA,NA,NA,NA,NA,NA,NA,NA,NA,NA,NA,NA,NA,NA,NA,NA,NA,NA,NA,NA,NA,NA,NA,NA,NA,NA,NA,NA,NA,NA,NA,NA,NA,NA,NA,NA,NA,NA,NA,NA,NA,NA,NA,NA,NA,NA,NA,NA,NA,NA,NA,NA,NA,NA,NA,NA,NA,NA,NA,NA,NA,NA,NA,NA,NA,NA,NA,NA,NA,NA,NA,NA,NA,NA,NA,NA,NA,NA,NA,NA,NA,NA,NA,NA,NA,NA,NA,NA,NA,NA,NA,NA,NA,NA,NA,NA,NA,NA,NA,NA,NA,NA,NA,NA,NA,NA,NA,NA,NA,NA,NA,NA,NA,NA,NA,NA,NA,NA,NA,NA,NA,NA,NA,NA,NA,NA,NA,NA,NA,NA,NA,NA,NA,NA,NA,NA,NA,NA,NA,NA,NA,NA,NA,NA,NA,NA,NA,NA,NA,NA,NA,NA,NA,NA,NA,NA,NA,NA,NA,NA,NA,NA,NA,NA,NA,NA,NA,NA,NA,NA,NA,NA,NA,NA,NA,NA,NA,NA,NA,NA,NA,NA,NA,NA,NA,NA,NA,NA,NA,NA,NA,NA,NA,NA,NA,NA,NA,NA,NA,NA,NA,NA,NA,NA,NA,NA,NA,NA,NA,NA,NA,NA,NA,NA,NA,NA,NA,NA,NA,NA,NA,NA,NA,NA,NA,NA,NA,NA,NA,NA,NA,NA,NA,NA,NA,NA,NA,NA,NA,NA,NA,NA,NA,NA,NA,NA,NA,NA,NA,NA,NA,NA,NA,NA,NA,NA,NA,NA,NA,NA,NA,NA,NA,NA,NA,NA,NA,NA,NA,NA,NA,NA,NA,NA,NA,NA,NA,NA,NA,NA,NA,NA,NA,NA,NA,NA,NA,NA,NA,NA,NA,NA,NA,NA,NA,NA,NA,NA,NA,NA,NA,NA,NA,NA,NA,NA,NA,NA,NA,NA,NA,NA,NA,NA,NA,NA,NA,NA,NA,NA,NA,NA,NA,NA,NA,NA,NA,NA,NA,NA,NA,NA,NA,NA,NA,NA,NA,NA,NA,NA,NA,NA,NA,NA,NA,NA,NA,NA,NA,NA,NA,NA,NA,NA,NA,NA,NA,NA,NA,NA,NA,NA,NA,NA,NA,NA,NA,NA,NA,NA,NA,NA,NA,NA,NA,NA,NA,NA,NA,NA,NA,NA,NA,NA,NA,NA,NA,NA,NA,NA,NA,NA,NA,NA,NA,NA,NA,NA,NA,NA,NA,NA,NA,NA,NA,NA,NA,NA,NA,NA,NA,NA,NA,NA,NA,NA,NA,NA,NA,NA,NA,NA,NA,NA,NA,NA,NA,NA,NA,NA,NA,NA,NA,NA,NA,NA,NA,NA,NA,NA,NA,NA,NA,NA,NA,NA,NA,NA,NA,NA,NA,NA,NA,NA,NA,NA,NA,NA,NA,NA,NA,NA,NA,NA,NA,NA,NA,NA,NA,NA,NA,NA,NA,NA,NA,NA,NA,NA,NA,NA,NA,NA,NA,NA,NA,NA,NA,NA,NA,NA,NA,NA,NA,NA,NA,NA,NA,NA,NA,NA,NA,NA,NA,NA,NA,NA,NA,NA,NA,NA,NA,NA,NA,NA,NA,NA,NA,NA,NA,NA,NA,NA,NA,NA,NA,NA,NA,NA,NA,NA,NA,NA,NA,NA,NA,NA,NA,NA,NA,NA,NA,NA,NA,NA,NA,NA,NA,NA,NA,NA,NA,NA,NA,NA,NA,NA,NA,NA,NA,NA,NA,NA,NA,NA,NA,NA,NA,NA,NA,NA,NA,NA,NA,NA,NA,NA,NA,NA,NA,NA,NA,NA,NA,NA,NA,NA,NA,NA,NA,NA,NA,NA,NA,NA,NA,NA,NA,NA,NA,NA,NA,NA,NA,NA,NA,NA,NA,NA,NA,NA,NA,NA,NA,NA,NA,NA,NA,NA,NA,NA,NA,NA,NA,NA,NA,NA,NA,NA,NA,NA,NA,NA,NA,NA,NA,NA,NA,NA,NA,NA,NA,NA,NA,NA,NA,NA,NA,NA,NA,NA,NA,NA,NA,NA,NA,NA,NA,NA,NA,NA,NA,NA,NA,NA,NA,NA,NA,NA,NA,NA,NA,NA,NA,NA,NA,NA,NA,NA,NA,NA,NA,NA,NA,NA,NA,NA,NA,NA,NA,NA,NA,NA,NA,NA,NA,NA,NA,NA,NA,NA,NA,NA,NA,NA,NA,NA,NA,NA,NA,NA,NA,NA,NA,NA,NA,NA,NA,NA,NA,NA,NA,NA,NA,NA,NA,NA,NA,NA,NA,NA,NA,NA,NA,NA,NA,NA,NA,NA,NA,NA,NA,NA,NA,NA,NA,NA,NA,NA,NA,NA,NA,NA,NA,NA,NA,NA,NA,NA,NA,NA,NA,NA
#ERROR,,,"$$ER: E100,INVALID CODE OR EXPRESSION ENTERED",,,,,,,,,,,,,,,,,,,,,,,,,,,,,,,,,,,,,,,,,,,,,,,,,,,,,,,,,,,,,,,,,,,,,,,,,,,,,,,,,,,,,,,,,,,,,,,,,,,,,,,,,,,,,,,,,,,,,,,,,,,,,,,,,,,,,,,,,,,,,,,,,,,,,,,,,,,,,,,,,,,,,,,,,,,,,,,,,,,,,,,,,,,,,,,,,,,,,,,,,,,,,,,,,,,,,,,,,,,,,,,,,,,,,,,,,,,,,,,,,,,,,,,,,,,,,,,,,,,,,,,,,,,,,,,,,,,,,,,,,,,,,,,,,,,,,,,,,,,,,,,,,,,,,,,,,,,,,,,,,,,,,,,,,,,,,,,,,,,,,,,,,,,,,,,,,,,,,,,,,,,,,,,,,,,,,,,,,,,,,,,,,,,,,,,,,,,,,,,,,,,,,,,,,,,,,,,,,,,,,,,,,,,,,,,,,,,,,,,,,,,,,,,,,,,,,,,,,,,,,,,,,,,,,,,,,,,,,,,,,,,,,,,,,,,,,,,,,,,,,,,,,,,,,,,,,,,,,,,,,,,,,,,,,,,,,,,,,,,,,,,,,,,,,,,,,,,,,,,,,,,,,,,,,,,,,,,,,,,,,,,,,,,,,,,,,,,,,,,,,,,,,,,,,,,,,,,,,,,,,,,,,,,,,,,,,,,,,,,,,,,,,,,,,,,,,,,,,,,,,,,,,,,,,,,,,,,,,,,,,,,,,,,,,,,,,,,,,,,,,,,,,,,,,,,,,,,,,,,,,,,,,,,,,,,,,,,,,,,,,,,,,,,,,,,,,,,,,,,,,,,,,,,,,,,,,,,,,,,,,,,,,,,,,,,,,,,,,,,,,,,,,,,,,,,,,,,,,,,,,,,,,,,,,,,,,,,,,,,,,,,,,,,,,,,,,,,,,,,,,,,,,,,,,,,,,,,,,,,,,,,,,,,,,,,,,,,,,,,,,,,,,,,,,,,,,,,,,,,,,,,,,,,,,,,,,,,,,,,,,,,,,,,,,,,,,,,,,,,,,,,,,,,,,,,,,,,,,,,,,,,,,,,,,,,,,,,,,,,,,,,,,,,,,,,,,,,,,,,,
#ERROR,,,"$$ER: E100,INVALID CODE OR EXPRESSION ENTERED",,,,,,,,,,,,,,,,,,,,,,,,,,,,,,,,,,,,,,,,,,,,,,,,,,,,,,,,,,,,,,,,,,,,,,,,,,,,,,,,,,,,,,,,,,,,,,,,,,,,,,,,,,,,,,,,,,,,,,,,,,,,,,,,,,,,,,,,,,,,,,,,,,,,,,,,,,,,,,,,,,,,,,,,,,,,,,,,,,,,,,,,,,,,,,,,,,,,,,,,,,,,,,,,,,,,,,,,,,,,,,,,,,,,,,,,,,,,,,,,,,,,,,,,,,,,,,,,,,,,,,,,,,,,,,,,,,,,,,,,,,,,,,,,,,,,,,,,,,,,,,,,,,,,,,,,,,,,,,,,,,,,,,,,,,,,,,,,,,,,,,,,,,,,,,,,,,,,,,,,,,,,,,,,,,,,,,,,,,,,,,,,,,,,,,,,,,,,,,,,,,,,,,,,,,,,,,,,,,,,,,,,,,,,,,,,,,,,,,,,,,,,,,,,,,,,,,,,,,,,,,,,,,,,,,,,,,,,,,,,,,,,,,,,,,,,,,,,,,,,,,,,,,,,,,,,,,,,,,,,,,,,,,,,,,,,,,,,,,,,,,,,,,,,,,,,,,,,,,,,,,,,,,,,,,,,,,,,,,,,,,,,,,,,,,,,,,,,,,,,,,,,,,,,,,,,,,,,,,,,,,,,,,,,,,,,,,,,,,,,,,,,,,,,,,,,,,,,,,,,,,,,,,,,,,,,,,,,,,,,,,,,,,,,,,,,,,,,,,,,,,,,,,,,,,,,,,,,,,,,,,,,,,,,,,,,,,,,,,,,,,,,,,,,,,,,,,,,,,,,,,,,,,,,,,,,,,,,,,,,,,,,,,,,,,,,,,,,,,,,,,,,,,,,,,,,,,,,,,,,,,,,,,,,,,,,,,,,,,,,,,,,,,,,,,,,,,,,,,,,,,,,,,,,,,,,,,,,,,,,,,,,,,,,,,,,,,,,,,,,,,,,,,,,,,,,,,,,,,,,,,,,,,,,,,,,,,,,,,,,,,,,,,,,,,,,,,,,,,,,,,,,,,,,,,,,,,,,,,,,,,,,,,,,,,,,,,,,,,,,,,,,,,,,,,,,,,,,,,,,
S&P BSE (100) NATIONAL - TURNOVER BY VOLUME,IBOMBSE(VO),IR,NA,NA,NA,NA,NA,NA,NA,NA,NA,NA,NA,NA,NA,NA,NA,NA,NA,NA,NA,NA,NA,NA,NA,NA,NA,NA,NA,NA,NA,NA,NA,NA,NA,NA,NA,NA,NA,NA,NA,NA,NA,NA,NA,NA,NA,NA,NA,NA,NA,NA,NA,NA,NA,NA,NA,NA,NA,NA,NA,NA,NA,NA,NA,NA,NA,NA,NA,NA,NA,NA,NA,NA,NA,NA,NA,NA,NA,NA,NA,NA,NA,NA,NA,NA,NA,NA,NA,NA,NA,NA,NA,NA,NA,NA,NA,NA,NA,NA,NA,NA,NA,NA,NA,NA,NA,NA,NA,NA,NA,NA,NA,NA,NA,NA,NA,NA,NA,NA,NA,NA,NA,NA,NA,NA,NA,NA,NA,NA,NA,NA,NA,NA,NA,NA,NA,NA,NA,NA,NA,NA,NA,NA,NA,NA,NA,NA,NA,NA,NA,NA,NA,NA,NA,NA,NA,NA,NA,NA,NA,NA,NA,NA,NA,NA,NA,NA,NA,NA,NA,NA,NA,NA,NA,NA,NA,NA,NA,NA,NA,NA,NA,NA,NA,NA,NA,NA,NA,NA,NA,NA,NA,NA,NA,NA,NA,NA,NA,NA,NA,NA,NA,NA,NA,NA,NA,NA,NA,NA,NA,NA,NA,NA,NA,NA,NA,NA,NA,NA,NA,NA,NA,NA,NA,NA,NA,NA,NA,NA,NA,NA,NA,NA,NA,NA,NA,NA,NA,NA,NA,NA,NA,NA,NA,NA,NA,NA,NA,NA,NA,NA,NA,NA,NA,NA,NA,NA,NA,NA,NA,NA,NA,NA,NA,NA,NA,NA,NA,NA,NA,NA,NA,NA,NA,NA,NA,NA,NA,NA,NA,NA,NA,NA,NA,NA,NA,NA,NA,NA,NA,NA,NA,NA,NA,NA,NA,NA,NA,NA,NA,NA,NA,NA,NA,NA,NA,NA,NA,NA,NA,NA,NA,NA,NA,NA,NA,NA,NA,NA,NA,NA,NA,NA,NA,NA,NA,NA,NA,NA,NA,NA,NA,NA,NA,NA,NA,NA,NA,NA,NA,NA,NA,NA,NA,NA,NA,NA,NA,NA,NA,NA,NA,NA,NA,NA,NA,NA,NA,NA,NA,NA,NA,NA,NA,NA,NA,NA,NA,NA,NA,NA,NA,NA,NA,NA,NA,NA,NA,NA,NA,NA,NA,NA,NA,NA,NA,NA,NA,NA,NA,NA,NA,NA,NA,NA,NA,NA,NA,NA,NA,NA,NA,NA,NA,NA,NA,NA,NA,NA,NA,NA,NA,NA,NA,NA,NA,NA,NA,NA,NA,NA,NA,NA,NA,NA,NA,NA,NA,NA,NA,NA,NA,NA,NA,NA,NA,NA,NA,NA,NA,NA,NA,NA,NA,NA,NA,NA,NA,NA,NA,NA,NA,NA,NA,NA,NA,NA,NA,NA,NA,NA,NA,NA,NA,NA,NA,NA,NA,NA,NA,NA,NA,NA,NA,NA,NA,NA,NA,NA,NA,NA,NA,NA,NA,NA,NA,NA,NA,NA,NA,NA,NA,NA,NA,NA,NA,NA,NA,NA,NA,NA,NA,NA,NA,NA,NA,NA,NA,NA,NA,NA,NA,NA,NA,NA,NA,NA,NA,NA,NA,NA,NA,NA,NA,NA,NA,NA,NA,NA,NA,NA,NA,NA,NA,NA,NA,NA,NA,NA,NA,NA,NA,NA,NA,NA,NA,NA,NA,NA,NA,NA,NA,NA,NA,NA,NA,NA,NA,NA,NA,NA,NA,NA,NA,NA,NA,NA,NA,NA,NA,NA,NA,NA,NA,NA,NA,NA,NA,NA,NA,NA,NA,NA,NA,NA,NA,NA,NA,NA,NA,NA,NA,NA,NA,NA,NA,NA,NA,NA,NA,NA,NA,NA,NA,NA,NA,NA,NA,NA,NA,NA,NA,NA,NA,NA,NA,NA,NA,NA,NA,NA,NA,NA,NA,NA,NA,NA,NA,NA,NA,NA,NA,NA,NA,NA,NA,NA,NA,NA,NA,NA,NA,NA,NA,NA,NA,NA,NA,NA,NA,NA,NA,NA,NA,NA,NA,NA,NA,NA,NA,NA,NA,NA,NA,NA,NA,NA,NA,NA,NA,NA,NA,NA,NA,NA,NA,NA,NA,NA,NA,NA,NA,NA,NA,NA,NA,NA,NA,NA,NA,NA,NA,NA,NA,NA,NA,NA,NA,NA,NA,NA,NA,NA,NA,NA,NA,NA,NA,NA,NA,NA,NA,NA,NA,NA,NA,NA,NA,NA,NA,NA,NA,NA,NA,NA,NA,NA,NA,NA,NA,NA,NA,NA,NA,NA,NA,NA,NA,NA,NA,NA,NA,NA,NA,NA,NA,NA,NA,NA,NA,NA,NA,NA,NA,NA,NA,NA,NA,NA,NA,NA,NA,NA,NA,NA,NA,NA,NA,NA,NA,NA,NA,NA,NA,NA,NA,NA,NA,NA,NA,NA,NA,NA,NA,NA,NA,NA,NA,NA,NA,NA,NA,NA,NA,NA,NA,NA,NA,NA,NA,NA,NA,NA,NA,NA,NA,NA,NA,NA,NA,NA,NA,NA,NA,NA,NA,NA,NA,NA,NA,NA,NA,NA,NA,NA,NA,NA,NA,NA,NA,NA,NA,NA,NA,NA,NA,NA,NA,NA,NA,NA,NA,NA,NA,NA,NA,NA,NA,NA,NA,NA,NA,NA,NA,NA,NA,NA,NA,NA,NA,NA,NA,NA,NA,NA,NA,NA,NA,NA,NA,NA,NA,NA,NA,NA,NA,NA,NA,NA,NA,NA,NA,NA,NA,NA,NA,NA,NA,NA,NA,NA,NA,NA,NA,NA,NA,NA,NA,NA,NA,NA,NA,NA,NA,NA,NA,NA,NA,NA,NA,NA,NA,NA,NA,NA,NA,NA,NA,NA,NA,NA,NA,NA,NA,NA,NA,NA,NA,NA,NA,NA,NA,NA,NA,NA,NA,NA,NA,NA,NA,NA,NA,NA,NA,NA,NA,NA,NA,NA,NA,NA,NA,NA,NA,NA,NA,NA,NA,NA,NA,NA,NA,NA,NA,NA,NA,NA,NA,NA,NA,NA,NA,NA,NA,NA,NA,NA,NA,NA,NA,NA,NA,NA,NA,NA,NA,NA,NA,NA,NA,NA,NA,NA,NA,NA,NA,NA,NA,NA,NA,NA,NA,NA,NA,NA,NA,NA,NA,NA,NA,NA,NA,NA,NA,NA,NA,NA,NA,NA,NA,NA,NA
#ERROR,,,"$$ER: E100,INVALID CODE OR EXPRESSION ENTERED",,,,,,,,,,,,,,,,,,,,,,,,,,,,,,,,,,,,,,,,,,,,,,,,,,,,,,,,,,,,,,,,,,,,,,,,,,,,,,,,,,,,,,,,,,,,,,,,,,,,,,,,,,,,,,,,,,,,,,,,,,,,,,,,,,,,,,,,,,,,,,,,,,,,,,,,,,,,,,,,,,,,,,,,,,,,,,,,,,,,,,,,,,,,,,,,,,,,,,,,,,,,,,,,,,,,,,,,,,,,,,,,,,,,,,,,,,,,,,,,,,,,,,,,,,,,,,,,,,,,,,,,,,,,,,,,,,,,,,,,,,,,,,,,,,,,,,,,,,,,,,,,,,,,,,,,,,,,,,,,,,,,,,,,,,,,,,,,,,,,,,,,,,,,,,,,,,,,,,,,,,,,,,,,,,,,,,,,,,,,,,,,,,,,,,,,,,,,,,,,,,,,,,,,,,,,,,,,,,,,,,,,,,,,,,,,,,,,,,,,,,,,,,,,,,,,,,,,,,,,,,,,,,,,,,,,,,,,,,,,,,,,,,,,,,,,,,,,,,,,,,,,,,,,,,,,,,,,,,,,,,,,,,,,,,,,,,,,,,,,,,,,,,,,,,,,,,,,,,,,,,,,,,,,,,,,,,,,,,,,,,,,,,,,,,,,,,,,,,,,,,,,,,,,,,,,,,,,,,,,,,,,,,,,,,,,,,,,,,,,,,,,,,,,,,,,,,,,,,,,,,,,,,,,,,,,,,,,,,,,,,,,,,,,,,,,,,,,,,,,,,,,,,,,,,,,,,,,,,,,,,,,,,,,,,,,,,,,,,,,,,,,,,,,,,,,,,,,,,,,,,,,,,,,,,,,,,,,,,,,,,,,,,,,,,,,,,,,,,,,,,,,,,,,,,,,,,,,,,,,,,,,,,,,,,,,,,,,,,,,,,,,,,,,,,,,,,,,,,,,,,,,,,,,,,,,,,,,,,,,,,,,,,,,,,,,,,,,,,,,,,,,,,,,,,,,,,,,,,,,,,,,,,,,,,,,,,,,,,,,,,,,,,,,,,,,,,,,,,,,,,,,,,,,,,,,,,,,,,,,,,,,,,,,,,,,,,,,,,,,,,,,,,,,,,,,,,,,,,,,
#ERROR,,,"$$ER: E100,INVALID CODE OR EXPRESSION ENTERED",,,,,,,,,,,,,,,,,,,,,,,,,,,,,,,,,,,,,,,,,,,,,,,,,,,,,,,,,,,,,,,,,,,,,,,,,,,,,,,,,,,,,,,,,,,,,,,,,,,,,,,,,,,,,,,,,,,,,,,,,,,,,,,,,,,,,,,,,,,,,,,,,,,,,,,,,,,,,,,,,,,,,,,,,,,,,,,,,,,,,,,,,,,,,,,,,,,,,,,,,,,,,,,,,,,,,,,,,,,,,,,,,,,,,,,,,,,,,,,,,,,,,,,,,,,,,,,,,,,,,,,,,,,,,,,,,,,,,,,,,,,,,,,,,,,,,,,,,,,,,,,,,,,,,,,,,,,,,,,,,,,,,,,,,,,,,,,,,,,,,,,,,,,,,,,,,,,,,,,,,,,,,,,,,,,,,,,,,,,,,,,,,,,,,,,,,,,,,,,,,,,,,,,,,,,,,,,,,,,,,,,,,,,,,,,,,,,,,,,,,,,,,,,,,,,,,,,,,,,,,,,,,,,,,,,,,,,,,,,,,,,,,,,,,,,,,,,,,,,,,,,,,,,,,,,,,,,,,,,,,,,,,,,,,,,,,,,,,,,,,,,,,,,,,,,,,,,,,,,,,,,,,,,,,,,,,,,,,,,,,,,,,,,,,,,,,,,,,,,,,,,,,,,,,,,,,,,,,,,,,,,,,,,,,,,,,,,,,,,,,,,,,,,,,,,,,,,,,,,,,,,,,,,,,,,,,,,,,,,,,,,,,,,,,,,,,,,,,,,,,,,,,,,,,,,,,,,,,,,,,,,,,,,,,,,,,,,,,,,,,,,,,,,,,,,,,,,,,,,,,,,,,,,,,,,,,,,,,,,,,,,,,,,,,,,,,,,,,,,,,,,,,,,,,,,,,,,,,,,,,,,,,,,,,,,,,,,,,,,,,,,,,,,,,,,,,,,,,,,,,,,,,,,,,,,,,,,,,,,,,,,,,,,,,,,,,,,,,,,,,,,,,,,,,,,,,,,,,,,,,,,,,,,,,,,,,,,,,,,,,,,,,,,,,,,,,,,,,,,,,,,,,,,,,,,,,,,,,,,,,,,,,,,,,,,,,,,,,,,,,,,,,,,,,,,,,,,,,,,,
#ERROR,,,"$$ER: E100,INVALID CODE OR EXPRESSION ENTERED",,,,,,,,,,,,,,,,,,,,,,,,,,,,,,,,,,,,,,,,,,,,,,,,,,,,,,,,,,,,,,,,,,,,,,,,,,,,,,,,,,,,,,,,,,,,,,,,,,,,,,,,,,,,,,,,,,,,,,,,,,,,,,,,,,,,,,,,,,,,,,,,,,,,,,,,,,,,,,,,,,,,,,,,,,,,,,,,,,,,,,,,,,,,,,,,,,,,,,,,,,,,,,,,,,,,,,,,,,,,,,,,,,,,,,,,,,,,,,,,,,,,,,,,,,,,,,,,,,,,,,,,,,,,,,,,,,,,,,,,,,,,,,,,,,,,,,,,,,,,,,,,,,,,,,,,,,,,,,,,,,,,,,,,,,,,,,,,,,,,,,,,,,,,,,,,,,,,,,,,,,,,,,,,,,,,,,,,,,,,,,,,,,,,,,,,,,,,,,,,,,,,,,,,,,,,,,,,,,,,,,,,,,,,,,,,,,,,,,,,,,,,,,,,,,,,,,,,,,,,,,,,,,,,,,,,,,,,,,,,,,,,,,,,,,,,,,,,,,,,,,,,,,,,,,,,,,,,,,,,,,,,,,,,,,,,,,,,,,,,,,,,,,,,,,,,,,,,,,,,,,,,,,,,,,,,,,,,,,,,,,,,,,,,,,,,,,,,,,,,,,,,,,,,,,,,,,,,,,,,,,,,,,,,,,,,,,,,,,,,,,,,,,,,,,,,,,,,,,,,,,,,,,,,,,,,,,,,,,,,,,,,,,,,,,,,,,,,,,,,,,,,,,,,,,,,,,,,,,,,,,,,,,,,,,,,,,,,,,,,,,,,,,,,,,,,,,,,,,,,,,,,,,,,,,,,,,,,,,,,,,,,,,,,,,,,,,,,,,,,,,,,,,,,,,,,,,,,,,,,,,,,,,,,,,,,,,,,,,,,,,,,,,,,,,,,,,,,,,,,,,,,,,,,,,,,,,,,,,,,,,,,,,,,,,,,,,,,,,,,,,,,,,,,,,,,,,,,,,,,,,,,,,,,,,,,,,,,,,,,,,,,,,,,,,,,,,,,,,,,,,,,,,,,,,,,,,,,,,,,,,,,,,,,,,,,,,,,,,,,,,,,,,,,,,,,,,,,,,,,
ASX ALL ORDINARIES - TURNOVER BY VOLUME,ASXAORD(VO),A$,NA,NA,NA,NA,NA,NA,NA,NA,NA,NA,NA,NA,NA,NA,NA,NA,NA,NA,NA,NA,NA,NA,NA,NA,NA,NA,NA,NA,NA,NA,NA,NA,NA,NA,NA,NA,NA,NA,NA,NA,NA,NA,NA,NA,NA,NA,NA,NA,NA,NA,NA,NA,NA,NA,NA,NA,NA,NA,NA,NA,NA,NA,NA,NA,NA,NA,NA,NA,NA,NA,NA,NA,NA,NA,NA,NA,NA,NA,NA,NA,NA,NA,NA,NA,NA,NA,NA,NA,NA,NA,NA,NA,NA,NA,NA,NA,NA,NA,NA,NA,NA,NA,NA,NA,NA,NA,NA,NA,NA,NA,NA,NA,NA,NA,NA,NA,NA,NA,NA,NA,NA,NA,NA,NA,NA,NA,NA,NA,NA,NA,NA,NA,NA,NA,NA,NA,NA,NA,NA,NA,NA,NA,NA,NA,NA,NA,NA,NA,NA,NA,NA,NA,NA,NA,NA,NA,NA,NA,NA,NA,NA,NA,NA,NA,NA,NA,NA,NA,NA,NA,NA,NA,NA,NA,NA,NA,NA,NA,NA,NA,NA,NA,NA,NA,NA,NA,NA,NA,NA,NA,NA,NA,NA,NA,NA,NA,NA,NA,NA,NA,NA,NA,NA,NA,NA,NA,NA,NA,NA,NA,NA,NA,NA,NA,NA,NA,NA,NA,NA,NA,NA,NA,NA,NA,NA,NA,NA,NA,NA,NA,NA,NA,NA,NA,NA,NA,NA,NA,NA,NA,NA,NA,NA,NA,NA,NA,NA,NA,NA,NA,NA,NA,NA,NA,NA,NA,NA,NA,NA,NA,NA,NA,NA,NA,NA,NA,NA,NA,NA,NA,NA,NA,NA,NA,NA,NA,NA,NA,NA,NA,NA,NA,NA,NA,NA,NA,NA,NA,NA,NA,NA,NA,NA,NA,NA,NA,NA,NA,NA,NA,NA,NA,NA,NA,NA,NA,NA,NA,NA,NA,NA,NA,NA,NA,NA,NA,NA,NA,NA,NA,NA,NA,NA,NA,NA,NA,NA,NA,NA,NA,NA,NA,NA,NA,NA,NA,NA,NA,NA,NA,NA,NA,NA,NA,NA,NA,NA,NA,NA,NA,NA,NA,NA,NA,NA,NA,NA,NA,NA,NA,NA,NA,NA,NA,NA,NA,NA,NA,NA,NA,NA,NA,NA,NA,NA,NA,NA,NA,NA,NA,NA,NA,NA,NA,NA,NA,NA,NA,NA,NA,NA,NA,NA,NA,NA,NA,NA,NA,NA,NA,NA,NA,NA,NA,NA,NA,NA,NA,NA,NA,NA,NA,NA,NA,NA,NA,NA,NA,NA,NA,NA,NA,NA,NA,NA,NA,NA,NA,NA,NA,NA,NA,NA,NA,NA,NA,NA,NA,NA,NA,NA,NA,NA,NA,NA,NA,NA,NA,NA,NA,NA,NA,NA,NA,NA,NA,NA,NA,NA,NA,NA,NA,NA,NA,NA,NA,NA,NA,NA,NA,NA,NA,NA,NA,NA,NA,NA,NA,NA,NA,NA,NA,NA,NA,NA,NA,NA,NA,NA,NA,NA,NA,NA,NA,NA,NA,NA,NA,NA,NA,NA,NA,NA,NA,NA,NA,NA,NA,NA,NA,NA,NA,NA,NA,NA,NA,NA,NA,NA,NA,NA,NA,NA,NA,NA,NA,NA,NA,NA,NA,NA,NA,NA,NA,NA,NA,NA,NA,NA,NA,NA,NA,NA,NA,NA,NA,NA,NA,NA,NA,NA,NA,NA,NA,NA,NA,NA,NA,NA,NA,NA,NA,NA,NA,NA,NA,NA,NA,NA,NA,NA,NA,NA,NA,NA,NA,NA,NA,NA,NA,NA,NA,NA,NA,NA,NA,NA,NA,NA,NA,NA,NA,NA,NA,NA,NA,NA,NA,NA,NA,NA,NA,NA,NA,NA,NA,NA,NA,NA,NA,NA,NA,NA,NA,NA,NA,NA,NA,NA,NA,NA,NA,NA,NA,NA,NA,NA,NA,NA,NA,NA,NA,NA,NA,NA,NA,NA,NA,NA,NA,NA,NA,NA,NA,NA,NA,NA,NA,NA,NA,NA,NA,NA,NA,NA,NA,NA,NA,NA,NA,NA,NA,NA,NA,NA,NA,NA,NA,NA,NA,NA,NA,NA,NA,NA,NA,NA,NA,NA,NA,NA,NA,NA,NA,NA,NA,NA,NA,NA,NA,NA,NA,NA,NA,NA,NA,NA,NA,NA,NA,NA,NA,NA,NA,NA,NA,NA,NA,NA,NA,NA,NA,NA,NA,NA,NA,NA,NA,NA,NA,NA,NA,NA,NA,NA,NA,NA,NA,NA,NA,NA,NA,NA,NA,NA,NA,NA,NA,NA,NA,NA,NA,NA,NA,NA,NA,NA,NA,NA,NA,NA,NA,NA,NA,NA,NA,NA,NA,NA,NA,NA,NA,NA,NA,NA,NA,NA,NA,NA,NA,NA,NA,NA,NA,NA,NA,NA,NA,NA,NA,NA,NA,NA,NA,NA,NA,NA,NA,NA,NA,NA,NA,NA,NA,NA,NA,NA,NA,NA,NA,NA,NA,NA,NA,NA,NA,NA,NA,NA,NA,NA,NA,NA,NA,NA,NA,NA,NA,NA,NA,NA,NA,NA,NA,NA,NA,NA,NA,NA,NA,NA,NA,NA,NA,NA,NA,NA,NA,NA,NA,NA,NA,NA,NA,NA,NA,NA,NA,NA,NA,NA,NA,NA,NA,NA,NA,NA,NA,NA,NA,NA,NA,NA,NA,NA,NA,NA,NA,NA,NA,NA,NA,NA,NA,NA,NA,NA,NA,NA,NA,NA,NA,NA,NA,NA,NA,NA,NA,NA,NA,NA,NA,NA,NA,NA,NA,NA,NA,NA,NA,NA,NA,NA,NA,NA,NA,NA,NA,NA,NA,NA,NA,NA,NA,NA,NA,NA,NA,NA,NA,NA,NA,NA,NA,NA,NA,NA,NA,NA,NA,NA,NA,NA,NA,NA,NA,NA,NA,NA,NA,NA,NA,NA,NA,NA,NA,NA,NA,NA,NA,NA,NA,NA,NA,NA,NA,NA,NA,NA,NA,NA,NA,NA,NA,NA,NA,NA,NA,NA,NA,NA,NA,NA,NA,NA,NA,NA,NA,NA,NA,NA,NA,NA,NA,NA,NA,NA,NA,NA,NA,NA,NA,NA,NA,NA,NA,NA,NA,NA,NA,NA,NA,NA,NA,NA,NA,NA,NA,NA,NA,NA,NA,NA,NA,NA,NA,NA,NA,NA,NA,NA
